iteration,all_current_accepted_likelihoods
1,-4702.44029609973
2,-3635.8791336797854
3,-3572.664211930898
4,-3572.664211930898
5,-3572.664211930898
6,-3572.664211930898
