{"0": {"HIP-FCI (1)": {"biomarker": "HIP-FCI (1)", "theta_mean": -5.081219968256866, "theta_std": 7.468111325117461, "phi_mean": 4.900120311971589, "phi_std": 1.9394628918184218}, "PCC-FCI (2)": {"biomarker": "PCC-FCI (2)", "theta_mean": 3.632220696257738, "theta_std": 2.712153900768826, "phi_mean": 8.72480245240611, "phi_std": 4.270029785682893}, "HIP-GMI (3)": {"biomarker": "HIP-GMI (3)", "theta_mean": 0.5063404813941352, "theta_std": 0.25411852987084754, "phi_mean": 0.23133751606433828, "phi_std": 0.2577843427037861}, "FUS-GMI (4)": {"biomarker": "FUS-GMI (4)", "theta_mean": 0.5179847242451074, "theta_std": 0.07287067087074976, "phi_mean": 0.620739237506187, "phi_std": 0.05551860085322269}, "FUS-FCI (5)": {"biomarker": "FUS-FCI (5)", "theta_mean": -20.268819652693256, "theta_std": 4.447180653916574, "phi_mean": -10.019232505999621, "phi_std": 3.396434315588743}}, "1": {"HIP-FCI (1)": {"biomarker": "HIP-FCI (1)", "theta_mean": -5.081219968256866, "theta_std": 7.468111325117461, "phi_mean": 4.900120311971589, "phi_std": 1.9394628918184218}, "PCC-FCI (2)": {"biomarker": "PCC-FCI (2)", "theta_mean": 3.4422974297732085, "theta_std": 2.6000296241003404, "phi_mean": 8.438014183941208, "phi_std": 4.312148223762758}, "HIP-GMI (3)": {"biomarker": "HIP-GMI (3)", "theta_mean": 0.47421704161520767, "theta_std": 0.2712531101164805, "phi_mean": 0.24439927263008232, "phi_std": 0.26233551209624395}, "FUS-GMI (4)": {"biomarker": "FUS-GMI (4)", "theta_mean": 0.5300101558868696, "theta_std": 0.07216301398035213, "phi_mean": 0.6337954460045958, "phi_std": 0.05921269761875862}, "FUS-FCI (5)": {"biomarker": "FUS-FCI (5)", "theta_mean": -21.43324562403744, "theta_std": 4.044399238635932, "phi_mean": -10.16338227823129, "phi_std": 3.4137905696021855}}, "2": {"HIP-FCI (1)": {"biomarker": "HIP-FCI (1)", "theta_mean": -5.081219968256866, "theta_std": 7.468111325117461, "phi_mean": 4.900120311971589, "phi_std": 1.9394628918184218}, "PCC-FCI (2)": {"biomarker": "PCC-FCI (2)", "theta_mean": 3.436314916946393, "theta_std": 2.0376589458732437, "phi_mean": 7.167477087271213, "phi_std": 4.540418974600743}, "HIP-GMI (3)": {"biomarker": "HIP-GMI (3)", "theta_mean": 0.4982094669240678, "theta_std": 0.29947262433506694, "phi_mean": 0.27627203695999897, "phi_std": 0.25108844846524203}, "FUS-GMI (4)": {"biomarker": "FUS-GMI (4)", "theta_mean": 0.5277019376238923, "theta_std": 0.07046973404588933, "phi_mean": 0.6356387485318147, "phi_std": 0.057960291444857016}, "FUS-FCI (5)": {"biomarker": "FUS-FCI (5)", "theta_mean": -20.35051078512255, "theta_std": 4.1928136840261985, "phi_mean": -9.876851857533259, "phi_std": 3.2014116477756085}}, "3": {"HIP-FCI (1)": {"biomarker": "HIP-FCI (1)", "theta_mean": -5.081219968256866, "theta_std": 7.468111325117461, "phi_mean": 4.900120311971589, "phi_std": 1.9394628918184218}, "PCC-FCI (2)": {"biomarker": "PCC-FCI (2)", "theta_mean": 4.2766817252717715, "theta_std": 2.5874056353196435, "phi_mean": 11.34660968088098, "phi_std": 3.5436002279086893}, "HIP-GMI (3)": {"biomarker": "HIP-GMI (3)", "theta_mean": 0.4221988643294868, "theta_std": 0.31129273139689617, "phi_mean": 0.29995752662300723, "phi_std": 0.2564682104216863}, "FUS-GMI (4)": {"biomarker": "FUS-GMI (4)", "theta_mean": 0.48461264159908907, "theta_std": 0.06272811314959519, "phi_mean": 0.6024423012935589, "phi_std": 0.06070469923268054}, "FUS-FCI (5)": {"biomarker": "FUS-FCI (5)", "theta_mean": -20.776259526561148, "theta_std": 4.144430849783167, "phi_mean": -9.994521603032515, "phi_std": 3.284584630069597}}, "4": {"HIP-FCI (1)": {"biomarker": "HIP-FCI (1)", "theta_mean": -5.081219968256866, "theta_std": 7.468111325117461, "phi_mean": 4.900120311971589, "phi_std": 1.9394628918184218}, "PCC-FCI (2)": {"biomarker": "PCC-FCI (2)", "theta_mean": 3.971899894941267, "theta_std": 2.6862705307898036, "phi_mean": 10.295179909842537, "phi_std": 3.7721663587875143}, "HIP-GMI (3)": {"biomarker": "HIP-GMI (3)", "theta_mean": 0.48108052695637865, "theta_std": 0.3512238792466884, "phi_mean": 0.31661452037504595, "phi_std": 0.25346104772379197}, "FUS-GMI (4)": {"biomarker": "FUS-GMI (4)", "theta_mean": 0.525045672962916, "theta_std": 0.0736657200612396, "phi_mean": 0.6236228243408181, "phi_std": 0.058573837135781875}, "FUS-FCI (5)": {"biomarker": "FUS-FCI (5)", "theta_mean": -21.482807188199963, "theta_std": 3.9358713148429785, "phi_mean": -10.128909703869182, "phi_std": 3.362112935669908}}, "5": {"HIP-FCI (1)": {"biomarker": "HIP-FCI (1)", "theta_mean": -5.081219968256866, "theta_std": 7.468111325117461, "phi_mean": 4.900120311971589, "phi_std": 1.9394628918184218}, "PCC-FCI (2)": {"biomarker": "PCC-FCI (2)", "theta_mean": 3.2928147315498992, "theta_std": 2.497233507466222, "phi_mean": 9.632126531563594, "phi_std": 3.6799094664284064}, "HIP-GMI (3)": {"biomarker": "HIP-GMI (3)", "theta_mean": 0.3845181311588618, "theta_std": 0.3256576783507271, "phi_mean": 0.32431249725988176, "phi_std": 0.2325322121756659}, "FUS-GMI (4)": {"biomarker": "FUS-GMI (4)", "theta_mean": 0.5368850829934951, "theta_std": 0.0745610260724196, "phi_mean": 0.6346126189288288, "phi_std": 0.06349978818052508}, "FUS-FCI (5)": {"biomarker": "FUS-FCI (5)", "theta_mean": -21.460201989571512, "theta_std": 3.9628573740096744, "phi_mean": -10.132650890588575, "phi_std": 3.3694779169547284}}}