{"0": {"HIP-FCI (1)": {"biomarker": "HIP-FCI (1)", "theta_mean": -10.10728404783495, "theta_std": 6.708734689445161, "phi_mean": -0.5450648294207752, "phi_std": 5.851555031432011}, "PCC-FCI (2)": {"biomarker": "PCC-FCI (2)", "theta_mean": 6.1926786167385375, "theta_std": 4.219825739817207, "phi_mean": 12.06025466492748, "phi_std": 3.2797667163727167}, "HIP-GMI (3)": {"biomarker": "HIP-GMI (3)", "theta_mean": 0.5021807309205567, "theta_std": 0.2634965005493051, "phi_mean": 0.23589953670971933, "phi_std": 0.2539768963705972}, "FUS-GMI (4)": {"biomarker": "FUS-GMI (4)", "theta_mean": 0.4547073606747741, "theta_std": 0.05260174345245101, "phi_mean": 0.5906345928375208, "phi_std": 0.06374265058792877}, "FUS-FCI (5)": {"biomarker": "FUS-FCI (5)", "theta_mean": -13.96608008557869, "theta_std": 5.720018597249415, "phi_mean": -9.065381982198653, "phi_std": 2.8880136768941176}}, "1": {"HIP-FCI (1)": {"biomarker": "HIP-FCI (1)", "theta_mean": -11.032694930865548, "theta_std": 6.719409370457521, "phi_mean": -2.1457269121551543, "phi_std": 6.806733263887215}, "PCC-FCI (2)": {"biomarker": "PCC-FCI (2)", "theta_mean": 6.1926786167385375, "theta_std": 4.219825739817207, "phi_mean": 12.06025466492748, "phi_std": 3.2797667163727167}, "HIP-GMI (3)": {"biomarker": "HIP-GMI (3)", "theta_mean": 0.7628138105890098, "theta_std": 0.19951973690642563, "phi_mean": 0.3222637838544724, "phi_std": 0.26916537804130547}, "FUS-GMI (4)": {"biomarker": "FUS-GMI (4)", "theta_mean": 0.47723661489558383, "theta_std": 0.0590116421921643, "phi_mean": 0.6052948769602047, "phi_std": 0.05560278120741636}, "FUS-FCI (5)": {"biomarker": "FUS-FCI (5)", "theta_mean": -13.982087522165628, "theta_std": 5.683478700363691, "phi_mean": -8.912122871664554, "phi_std": 2.7075618565593107}}, "2": {"HIP-FCI (1)": {"biomarker": "HIP-FCI (1)", "theta_mean": -16.32607865871282, "theta_std": 5.60110951673167, "phi_mean": -3.3842258907648284, "phi_std": 7.218118203695125}, "PCC-FCI (2)": {"biomarker": "PCC-FCI (2)", "theta_mean": 6.1926786167385375, "theta_std": 4.219825739817207, "phi_mean": 12.06025466492748, "phi_std": 3.2797667163727167}, "HIP-GMI (3)": {"biomarker": "HIP-GMI (3)", "theta_mean": 0.722507990089992, "theta_std": 0.18724487141579993, "phi_mean": 0.2971352049926935, "phi_std": 0.2581179428528673}, "FUS-GMI (4)": {"biomarker": "FUS-GMI (4)", "theta_mean": 0.4765595417331051, "theta_std": 0.056642811554240884, "phi_mean": 0.6076671118711293, "phi_std": 0.0536687891092084}, "FUS-FCI (5)": {"biomarker": "FUS-FCI (5)", "theta_mean": -14.08585004538091, "theta_std": 5.595770644700413, "phi_mean": -8.781128555026255, "phi_std": 2.687150466672992}}, "3": {"HIP-FCI (1)": {"biomarker": "HIP-FCI (1)", "theta_mean": -17.803768189057493, "theta_std": 4.727400216825109, "phi_mean": -3.144919632622158, "phi_std": 6.951867465450127}, "PCC-FCI (2)": {"biomarker": "PCC-FCI (2)", "theta_mean": 4.41386742052359, "theta_std": 2.93309460255239, "phi_mean": 11.33073525980383, "phi_std": 3.321588859732058}, "HIP-GMI (3)": {"biomarker": "HIP-GMI (3)", "theta_mean": 0.70049405146599, "theta_std": 0.16947307189037117, "phi_mean": 0.2538815639734502, "phi_std": 0.23390772045157635}, "FUS-GMI (4)": {"biomarker": "FUS-GMI (4)", "theta_mean": 0.5566280098932725, "theta_std": 0.08390577115298087, "phi_mean": 0.5976539285777132, "phi_std": 0.06788531282054922}, "FUS-FCI (5)": {"biomarker": "FUS-FCI (5)", "theta_mean": -12.416539004352074, "theta_std": 5.563430050008586, "phi_mean": -9.346648742043344, "phi_std": 2.8957892340294307}}, "4": {"HIP-FCI (1)": {"biomarker": "HIP-FCI (1)", "theta_mean": -16.493797769408847, "theta_std": 3.9664050465715435, "phi_mean": -2.390716145346544, "phi_std": 6.453207046948952}, "PCC-FCI (2)": {"biomarker": "PCC-FCI (2)", "theta_mean": 3.7228230612013986, "theta_std": 2.485767117187528, "phi_mean": 10.669671152919657, "phi_std": 3.319802513808056}, "HIP-GMI (3)": {"biomarker": "HIP-GMI (3)", "theta_mean": 0.35331422985747624, "theta_std": 0.29510476862048746, "phi_mean": 0.4040607917497585, "phi_std": 0.24027791102668272}, "FUS-GMI (4)": {"biomarker": "FUS-GMI (4)", "theta_mean": 0.5416421959809753, "theta_std": 0.08860146077899474, "phi_mean": 0.5958706214944448, "phi_std": 0.05816255452285048}, "FUS-FCI (5)": {"biomarker": "FUS-FCI (5)", "theta_mean": -12.094431865808533, "theta_std": 5.5352876406109015, "phi_mean": -9.913760759855576, "phi_std": 2.8142134590982635}}, "5": {"HIP-FCI (1)": {"biomarker": "HIP-FCI (1)", "theta_mean": -17.27448758128447, "theta_std": 3.8002529401049703, "phi_mean": -2.111956959387401, "phi_std": 6.0323466749651455}, "PCC-FCI (2)": {"biomarker": "PCC-FCI (2)", "theta_mean": 6.1926786167385375, "theta_std": 4.219825739817207, "phi_mean": 12.06025466492748, "phi_std": 3.2797667163727167}, "HIP-GMI (3)": {"biomarker": "HIP-GMI (3)", "theta_mean": 0.26453728966085516, "theta_std": 0.38593036107506173, "phi_mean": 0.3877021143142007, "phi_std": 0.24618856120501773}, "FUS-GMI (4)": {"biomarker": "FUS-GMI (4)", "theta_mean": 0.5167160648451076, "theta_std": 0.08481951407300235, "phi_mean": 0.6065416503892075, "phi_std": 0.050769847331578084}, "FUS-FCI (5)": {"biomarker": "FUS-FCI (5)", "theta_mean": -11.978419228812513, "theta_std": 5.527009856397271, "phi_mean": -10.30760174875365, "phi_std": 2.7247304008632818}}}