iteration,all_current_accepted_likelihoods
1,-4295.903424634154
2,-4039.436339947055
3,-4039.436339947055
4,-4039.436339947055
5,-4039.436339947055
6,-4039.436339947055
