{"HIP-FCI (1)": {"biomarker": "HIP-FCI (1)", "theta_mean": -8.053786520179086, "theta_std": 4.359554332521828, "phi_mean": 4.15045162641739, "phi_std": 3.235027383100805}, "PCC-FCI (2)": {"biomarker": "PCC-FCI (2)", "theta_mean": 4.657129381679172, "theta_std": 2.784806990509468, "phi_mean": 12.393168913313346, "phi_std": 2.876671875420226}, "HIP-GMI (3)": {"biomarker": "HIP-GMI (3)", "theta_mean": 0.08521173570001057, "theta_std": 0.21050351689510619, "phi_mean": 0.5462675397226182, "phi_std": 0.17262043735707655}, "FUS-GMI (4)": {"biomarker": "FUS-GMI (4)", "theta_mean": 0.4959749796981235, "theta_std": 0.04741115048059516, "phi_mean": 0.6274108354098215, "phi_std": 0.04748290099991469}, "FUS-FCI (5)": {"biomarker": "FUS-FCI (5)", "theta_mean": -18.681381272551235, "theta_std": 4.049936402876778, "phi_mean": -8.803123748977812, "phi_std": 2.886527202111675}}