iteration,all_current_acceptance_ratios
1,100.0
2,100.0
3,66.66666666666667
4,50.0
5,40.0
6,33.333333333333336
