iteration,all_current_accepted_likelihoods
1,-3828.2441012557647
2,-2763.202708497609
3,-2763.202708497609
4,-2763.202708497609
5,-2763.202708497609
6,-2763.202708497609
