{"0": {"FCI(HIP)-1": {"biomarker": "FCI(HIP)-1", "theta_mean": 3.738236037985743, "theta_std": 3.262170357151747, "phi_mean": -3.5719601409479678, "phi_std": 4.586334839284755}, "GMI(HIP)-3": {"biomarker": "GMI(HIP)-3", "theta_mean": 0.36049671208762896, "theta_std": 0.07058237254336902, "phi_mean": 0.47690206374495625, "phi_std": 0.04655035156966922}, "FCI(Fusi)-5": {"biomarker": "FCI(Fusi)-5", "theta_mean": -13.176631078634488, "theta_std": 5.526534151026797, "phi_mean": -13.077782361467904, "phi_std": 5.08383154892957}, "FCI(PCC)-2": {"biomarker": "FCI(PCC)-2", "theta_mean": 10.476169973130023, "theta_std": 5.016987625522324, "phi_mean": 3.4871373969790938, "phi_std": 4.804654772596752}, "GMI(FUS)-4": {"biomarker": "GMI(FUS)-4", "theta_mean": 0.5005489685328379, "theta_std": 0.05490473804882772, "phi_mean": 0.5713212916253982, "phi_std": 0.045271975123871724}}, "1": {"FCI(HIP)-1": {"biomarker": "FCI(HIP)-1", "theta_mean": 5.593485896519999, "theta_std": 2.8699990995153475, "phi_mean": -3.1865766442825034, "phi_std": 4.662352767886028}, "GMI(HIP)-3": {"biomarker": "GMI(HIP)-3", "theta_mean": 0.3509241914478709, "theta_std": 0.06282199194330229, "phi_mean": 0.4774313664025247, "phi_std": 0.04610079966741075}, "FCI(Fusi)-5": {"biomarker": "FCI(Fusi)-5", "theta_mean": -13.176631078634488, "theta_std": 5.526534151026797, "phi_mean": -13.077782361467904, "phi_std": 5.08383154892957}, "FCI(PCC)-2": {"biomarker": "FCI(PCC)-2", "theta_mean": 12.114191452741562, "theta_std": 4.13037200504863, "phi_mean": 3.694783847198046, "phi_std": 4.857343026799532}, "GMI(FUS)-4": {"biomarker": "GMI(FUS)-4", "theta_mean": 0.5037536213364389, "theta_std": 0.053247311845707614, "phi_mean": 0.5740759149062988, "phi_std": 0.04625697883335633}}, "2": {"FCI(HIP)-1": {"biomarker": "FCI(HIP)-1", "theta_mean": 6.4857725510721815, "theta_std": 2.7585601540076587, "phi_mean": -3.0534906292813093, "phi_std": 4.703990263945046}, "GMI(HIP)-3": {"biomarker": "GMI(HIP)-3", "theta_mean": 0.36130675806835505, "theta_std": 0.06399099751526775, "phi_mean": 0.48265266103467974, "phi_std": 0.044646023286099575}, "FCI(Fusi)-5": {"biomarker": "FCI(Fusi)-5", "theta_mean": -13.176631078634488, "theta_std": 5.526534151026797, "phi_mean": -13.077782361467904, "phi_std": 5.08383154892957}, "FCI(PCC)-2": {"biomarker": "FCI(PCC)-2", "theta_mean": 12.621927782765658, "theta_std": 3.7961769500548743, "phi_mean": 3.7111718547526986, "phi_std": 4.832611869353591}, "GMI(FUS)-4": {"biomarker": "GMI(FUS)-4", "theta_mean": 0.48411698134490605, "theta_std": 0.055153030772471724, "phi_mean": 0.5654003294169707, "phi_std": 0.04420018439691858}}, "3": {"FCI(HIP)-1": {"biomarker": "FCI(HIP)-1", "theta_mean": 6.592894616599745, "theta_std": 2.7513977049929923, "phi_mean": -3.0394378440569767, "phi_std": 4.708922816570023}, "GMI(HIP)-3": {"biomarker": "GMI(HIP)-3", "theta_mean": 0.34866315587007085, "theta_std": 0.06224142175990469, "phi_mean": 0.4766839536640158, "phi_std": 0.04618841198536882}, "FCI(Fusi)-5": {"biomarker": "FCI(Fusi)-5", "theta_mean": -13.176631078634488, "theta_std": 5.526534151026797, "phi_mean": -13.077782361467904, "phi_std": 5.08383154892957}, "FCI(PCC)-2": {"biomarker": "FCI(PCC)-2", "theta_mean": 12.993438772663819, "theta_std": 3.678758403886029, "phi_mean": 3.7799575371428435, "phi_std": 4.844474650288567}, "GMI(FUS)-4": {"biomarker": "GMI(FUS)-4", "theta_mean": 0.49668065741622125, "theta_std": 0.05349601437043246, "phi_mean": 0.5711811168702854, "phi_std": 0.04473868018265576}}, "4": {"FCI(HIP)-1": {"biomarker": "FCI(HIP)-1", "theta_mean": 6.609040087695523, "theta_std": 2.8025545847960274, "phi_mean": -3.0200020841156965, "phi_std": 4.7229068129864755}, "GMI(HIP)-3": {"biomarker": "GMI(HIP)-3", "theta_mean": 0.3454773289431186, "theta_std": 0.0614178514408512, "phi_mean": 0.4755718406624162, "phi_std": 0.046437627875435754}, "FCI(Fusi)-5": {"biomarker": "FCI(Fusi)-5", "theta_mean": -13.176631078634488, "theta_std": 5.526534151026797, "phi_mean": -13.077782361467904, "phi_std": 5.08383154892957}, "FCI(PCC)-2": {"biomarker": "FCI(PCC)-2", "theta_mean": 13.319883254633723, "theta_std": 3.6246822121964133, "phi_mean": 3.8413458317658082, "phi_std": 4.854022919641293}, "GMI(FUS)-4": {"biomarker": "GMI(FUS)-4", "theta_mean": 0.49787445629182386, "theta_std": 0.05303326168154602, "phi_mean": 0.5721094360922864, "phi_std": 0.04488180418895426}}, "5": {"FCI(HIP)-1": {"biomarker": "FCI(HIP)-1", "theta_mean": 6.609040087695523, "theta_std": 2.8025545847960274, "phi_mean": -3.0200020841156965, "phi_std": 4.7229068129864755}, "GMI(HIP)-3": {"biomarker": "GMI(HIP)-3", "theta_mean": 0.3424572687133313, "theta_std": 0.059862587225515906, "phi_mean": 0.4750724770786617, "phi_std": 0.04631803107132728}, "FCI(Fusi)-5": {"biomarker": "FCI(Fusi)-5", "theta_mean": -13.319244230704417, "theta_std": 6.054911079188608, "phi_mean": -12.928156313231783, "phi_std": 4.4141407838157605}, "FCI(PCC)-2": {"biomarker": "FCI(PCC)-2", "theta_mean": 13.677107090785425, "theta_std": 3.642931216026278, "phi_mean": 3.92682704841161, "phi_std": 4.878693743692052}, "GMI(FUS)-4": {"biomarker": "GMI(FUS)-4", "theta_mean": 0.5280695409620542, "theta_std": 0.059789603276143764, "phi_mean": 0.5671884424536634, "phi_std": 0.05439856156704082}}}