iteration,all_current_accepted_likelihoods
1,-1821.9019544655237
2,-1335.4254873752222
3,-1333.2121854170005
4,-1334.8358373767026
5,-1336.2899314853016
6,-1336.2899314853016
