{"0": {"HIP-FCI (1)": {"biomarker": "HIP-FCI (1)", "theta_mean": -5.4941312630680015, "theta_std": 5.016387497311355, "phi_mean": 4.895535389870938, "phi_std": 2.0484176270847323}, "PCC-FCI (2)": {"biomarker": "PCC-FCI (2)", "theta_mean": 3.681153640860015, "theta_std": 2.851441770898042, "phi_mean": 9.98931477929819, "phi_std": 4.8023283805126455}, "HIP-GMI (3)": {"biomarker": "HIP-GMI (3)", "theta_mean": 0.20326656984913047, "theta_std": 0.22963559173641063, "phi_mean": 0.5070778340612276, "phi_std": 0.24234848965528918}, "FUS-GMI (4)": {"biomarker": "FUS-GMI (4)", "theta_mean": 0.5558009951637369, "theta_std": 0.08213171757797474, "phi_mean": 0.5872158314273606, "phi_std": 0.07012498178003387}, "FUS-FCI (5)": {"biomarker": "FUS-FCI (5)", "theta_mean": -21.49396617303658, "theta_std": 4.962672767547528, "phi_mean": -10.246901741838743, "phi_std": 3.1886612500399973}}, "1": {"HIP-FCI (1)": {"biomarker": "HIP-FCI (1)", "theta_mean": -5.356249967179378, "theta_std": 5.045835788014866, "phi_mean": 5.088689620853286, "phi_std": 1.8720326536913976}, "PCC-FCI (2)": {"biomarker": "PCC-FCI (2)", "theta_mean": 3.423331691427413, "theta_std": 2.7451701422547705, "phi_mean": 9.840345393801233, "phi_std": 4.756463651125844}, "HIP-GMI (3)": {"biomarker": "HIP-GMI (3)", "theta_mean": 0.23179587941351248, "theta_std": 0.23526584500527592, "phi_mean": 0.5104588669602549, "phi_std": 0.25357612799514034}, "FUS-GMI (4)": {"biomarker": "FUS-GMI (4)", "theta_mean": 0.5558009951637369, "theta_std": 0.08213171757797474, "phi_mean": 0.5872158314273606, "phi_std": 0.07012498178003387}, "FUS-FCI (5)": {"biomarker": "FUS-FCI (5)", "theta_mean": -21.949894520353794, "theta_std": 4.857411286999498, "phi_mean": -10.308051120184423, "phi_std": 3.221017023294552}}, "2": {"HIP-FCI (1)": {"biomarker": "HIP-FCI (1)", "theta_mean": -5.254245500619024, "theta_std": 5.078770078000639, "phi_mean": 5.198455767794503, "phi_std": 1.7939036261370371}, "PCC-FCI (2)": {"biomarker": "PCC-FCI (2)", "theta_mean": 3.3694368017210525, "theta_std": 2.6888146668144604, "phi_mean": 9.871997948073224, "phi_std": 4.732320900260331}, "HIP-GMI (3)": {"biomarker": "HIP-GMI (3)", "theta_mean": 0.2501995259967255, "theta_std": 0.24348885011498256, "phi_mean": 0.49760163053245277, "phi_std": 0.2627452955787298}, "FUS-GMI (4)": {"biomarker": "FUS-GMI (4)", "theta_mean": 0.5558009951637369, "theta_std": 0.08213171757797474, "phi_mean": 0.5872158314273606, "phi_std": 0.07012498178003387}, "FUS-FCI (5)": {"biomarker": "FUS-FCI (5)", "theta_mean": -22.537050387318533, "theta_std": 4.847930822641987, "phi_mean": -10.429073409790746, "phi_std": 3.327492332383245}}, "3": {"HIP-FCI (1)": {"biomarker": "HIP-FCI (1)", "theta_mean": -5.415814989986964, "theta_std": 4.9382723451609625, "phi_mean": 5.2124015912998125, "phi_std": 1.7686051824335385}, "PCC-FCI (2)": {"biomarker": "PCC-FCI (2)", "theta_mean": 3.0975618347209966, "theta_std": 2.4561650017317556, "phi_mean": 9.870412205576693, "phi_std": 4.6580672447258795}, "HIP-GMI (3)": {"biomarker": "HIP-GMI (3)", "theta_mean": 0.26215052796326005, "theta_std": 0.2516100971197043, "phi_mean": 0.48825604615926316, "phi_std": 0.26452531045801725}, "FUS-GMI (4)": {"biomarker": "FUS-GMI (4)", "theta_mean": 0.5558009951637369, "theta_std": 0.08213171757797474, "phi_mean": 0.5872158314273606, "phi_std": 0.07012498178003387}, "FUS-FCI (5)": {"biomarker": "FUS-FCI (5)", "theta_mean": -22.987438345729004, "theta_std": 4.815608781682283, "phi_mean": -10.511519257994296, "phi_std": 3.4022963365885777}}, "4": {"HIP-FCI (1)": {"biomarker": "HIP-FCI (1)", "theta_mean": -5.485952567364667, "theta_std": 4.889214665485525, "phi_mean": 5.1937685426229265, "phi_std": 1.7615726711299649}, "PCC-FCI (2)": {"biomarker": "PCC-FCI (2)", "theta_mean": 3.0228529465579816, "theta_std": 2.3876244016996506, "phi_mean": 10.020014170754733, "phi_std": 4.561298810351889}, "HIP-GMI (3)": {"biomarker": "HIP-GMI (3)", "theta_mean": 0.27244030892087945, "theta_std": 0.25839793522060117, "phi_mean": 0.4754227238413335, "phi_std": 0.26676332765667987}, "FUS-GMI (4)": {"biomarker": "FUS-GMI (4)", "theta_mean": 0.5558009951637369, "theta_std": 0.08213171757797474, "phi_mean": 0.5872158314273606, "phi_std": 0.07012498178003387}, "FUS-FCI (5)": {"biomarker": "FUS-FCI (5)", "theta_mean": -22.987438345729004, "theta_std": 4.815608781682283, "phi_mean": -10.511519257994296, "phi_std": 3.4022963365885777}}, "5": {"HIP-FCI (1)": {"biomarker": "HIP-FCI (1)", "theta_mean": -5.5419574382349515, "theta_std": 4.749995310292646, "phi_mean": 5.307475401662591, "phi_std": 1.8384016402578724}, "PCC-FCI (2)": {"biomarker": "PCC-FCI (2)", "theta_mean": 3.015402118158265, "theta_std": 2.3567010044253913, "phi_mean": 10.193866966165773, "phi_std": 4.470135806492907}, "HIP-GMI (3)": {"biomarker": "HIP-GMI (3)", "theta_mean": 0.28387372211844536, "theta_std": 0.2700711128375433, "phi_mean": 0.4652386909507121, "phi_std": 0.2608815701702696}, "FUS-GMI (4)": {"biomarker": "FUS-GMI (4)", "theta_mean": 0.5558009951637369, "theta_std": 0.08213171757797474, "phi_mean": 0.5872158314273606, "phi_std": 0.07012498178003387}, "FUS-FCI (5)": {"biomarker": "FUS-FCI (5)", "theta_mean": -22.987438345729004, "theta_std": 4.815608781682283, "phi_mean": -10.511519257994296, "phi_std": 3.4022963365885777}}}