{"0": {"HIP-FCI (1)": {"biomarker": "HIP-FCI (1)", "theta_mean": -5.9593688367618505, "theta_std": 4.782202845922641, "phi_mean": 4.560958099272595, "phi_std": 2.2960159967767177}, "PCC-FCI (2)": {"biomarker": "PCC-FCI (2)", "theta_mean": 2.5978370337714005, "theta_std": 2.4555999077305075, "phi_mean": 8.839136123709245, "phi_std": 4.887048545979271}, "HIP-GMI (3)": {"biomarker": "HIP-GMI (3)", "theta_mean": 0.34422919560599924, "theta_std": 0.2895973487061343, "phi_mean": 0.4183823474239279, "phi_std": 0.24469830379571494}, "FUS-GMI (4)": {"biomarker": "FUS-GMI (4)", "theta_mean": 0.5021893171243175, "theta_std": 0.07474005827041896, "phi_mean": 0.6021330359947651, "phi_std": 0.056423339507959205}, "FUS-FCI (5)": {"biomarker": "FUS-FCI (5)", "theta_mean": -17.154521512692256, "theta_std": 6.092849363412764, "phi_mean": -9.84899993668429, "phi_std": 3.06989330349508}}, "1": {"HIP-FCI (1)": {"biomarker": "HIP-FCI (1)", "theta_mean": -5.565876463062077, "theta_std": 4.89229625047208, "phi_mean": 5.034805483977085, "phi_std": 1.9129873241216062}, "PCC-FCI (2)": {"biomarker": "PCC-FCI (2)", "theta_mean": 1.9221809526044953, "theta_std": 1.8237570808284078, "phi_mean": 8.368540686695686, "phi_std": 4.96160336011473}, "HIP-GMI (3)": {"biomarker": "HIP-GMI (3)", "theta_mean": 0.34422919560599924, "theta_std": 0.2895973487061343, "phi_mean": 0.4183823474239279, "phi_std": 0.24469830379571494}, "FUS-GMI (4)": {"biomarker": "FUS-GMI (4)", "theta_mean": 0.507785871341045, "theta_std": 0.07446056971549188, "phi_mean": 0.6041114452869031, "phi_std": 0.057004624264700876}, "FUS-FCI (5)": {"biomarker": "FUS-FCI (5)", "theta_mean": -17.55371195516085, "theta_std": 6.040570076642282, "phi_mean": -9.75477155658342, "phi_std": 2.8346428259050427}}, "2": {"HIP-FCI (1)": {"biomarker": "HIP-FCI (1)", "theta_mean": -5.463788350453514, "theta_std": 4.92597158880195, "phi_mean": 5.148768465863917, "phi_std": 1.8245020450055551}, "PCC-FCI (2)": {"biomarker": "PCC-FCI (2)", "theta_mean": 1.5267031811463243, "theta_std": 1.5565785501576737, "phi_mean": 8.393000456032564, "phi_std": 4.904571770387665}, "HIP-GMI (3)": {"biomarker": "HIP-GMI (3)", "theta_mean": 0.34422919560599924, "theta_std": 0.2895973487061343, "phi_mean": 0.4183823474239279, "phi_std": 0.24469830379571494}, "FUS-GMI (4)": {"biomarker": "FUS-GMI (4)", "theta_mean": 0.5079113143692817, "theta_std": 0.07456361176112218, "phi_mean": 0.6040206072319732, "phi_std": 0.05706038828131422}, "FUS-FCI (5)": {"biomarker": "FUS-FCI (5)", "theta_mean": -17.75590746015122, "theta_std": 6.064580900202111, "phi_mean": -9.790247462909903, "phi_std": 2.8353680383784163}}, "3": {"HIP-FCI (1)": {"biomarker": "HIP-FCI (1)", "theta_mean": -5.412353601930447, "theta_std": 4.943678323885165, "phi_mean": 5.205212554567046, "phi_std": 1.78037872900759}, "PCC-FCI (2)": {"biomarker": "PCC-FCI (2)", "theta_mean": 1.1265101499819705, "theta_std": 1.287315937225049, "phi_mean": 8.289832380423722, "phi_std": 4.897482652397177}, "HIP-GMI (3)": {"biomarker": "HIP-GMI (3)", "theta_mean": 0.34422919560599924, "theta_std": 0.2895973487061343, "phi_mean": 0.4183823474239279, "phi_std": 0.24469830379571494}, "FUS-GMI (4)": {"biomarker": "FUS-GMI (4)", "theta_mean": 0.5099915926169929, "theta_std": 0.07553947539179111, "phi_mean": 0.604137402463747, "phi_std": 0.0569323377867154}, "FUS-FCI (5)": {"biomarker": "FUS-FCI (5)", "theta_mean": -18.037977418318395, "theta_std": 6.137159494928346, "phi_mean": -9.858389712907927, "phi_std": 2.8513816438523287}}, "4": {"HIP-FCI (1)": {"biomarker": "HIP-FCI (1)", "theta_mean": -5.412353601930447, "theta_std": 4.943678323885165, "phi_mean": 5.205212554567046, "phi_std": 1.78037872900759}, "PCC-FCI (2)": {"biomarker": "PCC-FCI (2)", "theta_mean": 0.9100506027797474, "theta_std": 1.122410577289616, "phi_mean": 8.235189956012343, "phi_std": 4.897295944105471}, "HIP-GMI (3)": {"biomarker": "HIP-GMI (3)", "theta_mean": 0.34422919560599924, "theta_std": 0.2895973487061343, "phi_mean": 0.4183823474239279, "phi_std": 0.24469830379571494}, "FUS-GMI (4)": {"biomarker": "FUS-GMI (4)", "theta_mean": 0.5107180839823392, "theta_std": 0.07630514408781387, "phi_mean": 0.6035893475740999, "phi_std": 0.057062069534505856}, "FUS-FCI (5)": {"biomarker": "FUS-FCI (5)", "theta_mean": -18.117923524298007, "theta_std": 6.177779275372382, "phi_mean": -9.887292462740405, "phi_std": 2.8639974408683635}}, "5": {"HIP-FCI (1)": {"biomarker": "HIP-FCI (1)", "theta_mean": -5.415823005407775, "theta_std": 4.938259436921391, "phi_mean": 5.2124182387122655, "phi_std": 1.7685799983051813}, "PCC-FCI (2)": {"biomarker": "PCC-FCI (2)", "theta_mean": 0.9033143911724147, "theta_std": 0.7738769136293883, "phi_mean": 8.195243205339644, "phi_std": 4.920999129446436}, "HIP-GMI (3)": {"biomarker": "HIP-GMI (3)", "theta_mean": 0.29032297080384295, "theta_std": 0.30206562560455025, "phi_mean": 0.4478110420139265, "phi_std": 0.22586924693057073}, "FUS-GMI (4)": {"biomarker": "FUS-GMI (4)", "theta_mean": 0.5558009951637369, "theta_std": 0.08213171757797474, "phi_mean": 0.5872158314273606, "phi_std": 0.07012498178003387}, "FUS-FCI (5)": {"biomarker": "FUS-FCI (5)", "theta_mean": -17.294430758954853, "theta_std": 6.432430749397604, "phi_mean": -9.898565898484026, "phi_std": 2.8805867509692673}}}