iteration,all_current_accepted_likelihoods
1,-4440.683563961613
2,-3282.063674884865
3,-3282.063674884865
4,-3266.1236780941663
5,-3266.1236780941663
6,-3266.1236780941663
