{"0": {"HIP-FCI (1)": {"biomarker": "HIP-FCI (1)", "theta_mean": -6.1646362074102905, "theta_std": 5.716261600239392, "phi_mean": 4.527227365002026, "phi_std": 2.28258513141162}, "PCC-FCI (2)": {"biomarker": "PCC-FCI (2)", "theta_mean": 5.907364334345662, "theta_std": 3.8992066534640055, "phi_mean": 12.84040246127185, "phi_std": 3.950185848635276}, "HIP-GMI (3)": {"biomarker": "HIP-GMI (3)", "theta_mean": 0.09813194735350142, "theta_std": 0.2125370950033709, "phi_mean": 0.44982743431546, "phi_std": 0.24400950039726907}, "FUS-GMI (4)": {"biomarker": "FUS-GMI (4)", "theta_mean": 0.5211400438372061, "theta_std": 0.05912279012330773, "phi_mean": 0.6048599156301586, "phi_std": 0.06337883671553095}, "FUS-FCI (5)": {"biomarker": "FUS-FCI (5)", "theta_mean": -11.40574100550366, "theta_std": 5.375239309967081, "phi_mean": -9.801935543437931, "phi_std": 3.2454456204654285}}, "1": {"HIP-FCI (1)": {"biomarker": "HIP-FCI (1)", "theta_mean": -6.359854703648392, "theta_std": 5.420711710163029, "phi_mean": 4.753969773954973, "phi_std": 1.8550476666147184}, "PCC-FCI (2)": {"biomarker": "PCC-FCI (2)", "theta_mean": 6.336207851717324, "theta_std": 4.423969867785264, "phi_mean": 12.688880468977237, "phi_std": 3.881894915131866}, "HIP-GMI (3)": {"biomarker": "HIP-GMI (3)", "theta_mean": -0.007977996994824738, "theta_std": 0.214041162734173, "phi_mean": 0.4219324172257156, "phi_std": 0.24769007518145317}, "FUS-GMI (4)": {"biomarker": "FUS-GMI (4)", "theta_mean": 0.5110917359905989, "theta_std": 0.05648741831963485, "phi_mean": 0.6024673346115123, "phi_std": 0.06266567425930226}, "FUS-FCI (5)": {"biomarker": "FUS-FCI (5)", "theta_mean": -11.539683136228357, "theta_std": 5.460260209142728, "phi_mean": -9.75371965959179, "phi_std": 3.2009219006265623}}, "2": {"HIP-FCI (1)": {"biomarker": "HIP-FCI (1)", "theta_mean": -7.51982327747583, "theta_std": 4.935669815256933, "phi_mean": 4.346255922517356, "phi_std": 2.2069993664525884}, "PCC-FCI (2)": {"biomarker": "PCC-FCI (2)", "theta_mean": 6.336207851717324, "theta_std": 4.423969867785264, "phi_mean": 12.688880468977237, "phi_std": 3.881894915131866}, "HIP-GMI (3)": {"biomarker": "HIP-GMI (3)", "theta_mean": 0.31797894950346683, "theta_std": 0.30014972054427685, "phi_mean": 0.4219626959943901, "phi_std": 0.24970355802165162}, "FUS-GMI (4)": {"biomarker": "FUS-GMI (4)", "theta_mean": 0.5500327268873791, "theta_std": 0.07991227278269508, "phi_mean": 0.5949366991590057, "phi_std": 0.06279062626109073}, "FUS-FCI (5)": {"biomarker": "FUS-FCI (5)", "theta_mean": -11.758364471880888, "theta_std": 5.451004549267322, "phi_mean": -9.628242336437914, "phi_std": 3.220378494712483}}, "3": {"HIP-FCI (1)": {"biomarker": "HIP-FCI (1)", "theta_mean": -6.803833542623645, "theta_std": 5.1877966386129675, "phi_mean": 4.65039144772371, "phi_std": 1.9172796044614742}, "PCC-FCI (2)": {"biomarker": "PCC-FCI (2)", "theta_mean": 6.336207851717324, "theta_std": 4.423969867785264, "phi_mean": 12.688880468977237, "phi_std": 3.881894915131866}, "HIP-GMI (3)": {"biomarker": "HIP-GMI (3)", "theta_mean": -0.1115370508845486, "theta_std": 0.22827523308098396, "phi_mean": 0.4060301857536851, "phi_std": 0.25225532721383515}, "FUS-GMI (4)": {"biomarker": "FUS-GMI (4)", "theta_mean": 0.5400520238167235, "theta_std": 0.07715476236588241, "phi_mean": 0.5966466635387034, "phi_std": 0.06321831562928965}, "FUS-FCI (5)": {"biomarker": "FUS-FCI (5)", "theta_mean": -11.690280128876017, "theta_std": 5.479782192299124, "phi_mean": -9.678350768866348, "phi_std": 3.2023519028148018}}, "4": {"HIP-FCI (1)": {"biomarker": "HIP-FCI (1)", "theta_mean": -6.7288609477342325, "theta_std": 5.220411095193534, "phi_mean": 4.675268346860506, "phi_std": 1.8972658440032961}, "PCC-FCI (2)": {"biomarker": "PCC-FCI (2)", "theta_mean": 6.336207851717324, "theta_std": 4.423969867785264, "phi_mean": 12.688880468977237, "phi_std": 3.881894915131866}, "HIP-GMI (3)": {"biomarker": "HIP-GMI (3)", "theta_mean": 0.048415800173190554, "theta_std": 0.20851211589926202, "phi_mean": 0.4335393455026648, "phi_std": 0.24682896084117262}, "FUS-GMI (4)": {"biomarker": "FUS-GMI (4)", "theta_mean": 0.4491107739992919, "theta_std": 0.054826677448512266, "phi_mean": 0.5849431988353921, "phi_std": 0.06689828422788756}, "FUS-FCI (5)": {"biomarker": "FUS-FCI (5)", "theta_mean": -11.65047487023228, "theta_std": 5.461258842842997, "phi_mean": -9.690481245210774, "phi_std": 3.2097523205956326}}, "5": {"HIP-FCI (1)": {"biomarker": "HIP-FCI (1)", "theta_mean": -8.008430703125114, "theta_std": 4.921325820935913, "phi_mean": 3.9504409054021052, "phi_std": 2.731463013425935}, "PCC-FCI (2)": {"biomarker": "PCC-FCI (2)", "theta_mean": 6.336207851717324, "theta_std": 4.423969867785264, "phi_mean": 12.688880468977237, "phi_std": 3.881894915131866}, "HIP-GMI (3)": {"biomarker": "HIP-GMI (3)", "theta_mean": 0.3047352487506563, "theta_std": 0.3002860428575237, "phi_mean": 0.42657296673165995, "phi_std": 0.24874990821064272}, "FUS-GMI (4)": {"biomarker": "FUS-GMI (4)", "theta_mean": 0.5413850696885836, "theta_std": 0.07545569282700584, "phi_mean": 0.5962771443136832, "phi_std": 0.06468833087877916}, "FUS-FCI (5)": {"biomarker": "FUS-FCI (5)", "theta_mean": -11.803277760697815, "theta_std": 5.488601149496266, "phi_mean": -9.622478694830505, "phi_std": 3.1974108437989677}}}