Combination,Tau
5/50,0.6
15/50,0.39999999999999997
25/50,0.9999999999999999
10/100,0.9999999999999999
30/100,0.9999999999999999
50/100,0.9999999999999999
20/200,0.6
60/200,0.9999999999999999
100/200,0.9999999999999999
