iteration,all_current_accepted_likelihoods
1,-1422.460218520461
2,-1402.2770670158338
3,-1391.6383787937825
4,-1382.3277005773552
5,-1371.5801402093384
6,-1369.0741219382949
