{"0": {"HIP-FCI (1)": {"biomarker": "HIP-FCI (1)", "theta_mean": -4.632278226028506, "theta_std": 6.436207634127814, "phi_mean": -1.7135529528484579, "phi_std": 6.451799464133697}, "PCC-FCI (2)": {"biomarker": "PCC-FCI (2)", "theta_mean": 5.400094733275055, "theta_std": 3.789444015869692, "phi_mean": 8.083153941908646, "phi_std": 5.353091940245986}, "HIP-GMI (3)": {"biomarker": "HIP-GMI (3)", "theta_mean": 0.34422919560599924, "theta_std": 0.28960378441729673, "phi_mean": 0.4183823474239279, "phi_std": 0.244747258143268}, "FUS-GMI (4)": {"biomarker": "FUS-GMI (4)", "theta_mean": 0.5570885530933426, "theta_std": 0.08447197425429254, "phi_mean": 0.5679416954673926, "phi_std": 0.07743466384422952}, "FUS-FCI (5)": {"biomarker": "FUS-FCI (5)", "theta_mean": -12.266950713191251, "theta_std": 5.652016797957758, "phi_mean": -11.254541733680316, "phi_std": 4.593206396662538}}, "1": {"HIP-FCI (1)": {"biomarker": "HIP-FCI (1)", "theta_mean": -6.666689498574609, "theta_std": 5.126797134949765, "phi_mean": -1.0654455729724104, "phi_std": 6.3472039235665845}, "PCC-FCI (2)": {"biomarker": "PCC-FCI (2)", "theta_mean": 4.29719193681603, "theta_std": 3.5243857760060613, "phi_mean": 9.062392518931656, "phi_std": 5.118475120854721}, "HIP-GMI (3)": {"biomarker": "HIP-GMI (3)", "theta_mean": 0.34422919560599924, "theta_std": 0.28960378441729673, "phi_mean": 0.4183823474239279, "phi_std": 0.244747258143268}, "FUS-GMI (4)": {"biomarker": "FUS-GMI (4)", "theta_mean": 0.5556895548284229, "theta_std": 0.08521704356799009, "phi_mean": 0.571307494830815, "phi_std": 0.07481966903047842}, "FUS-FCI (5)": {"biomarker": "FUS-FCI (5)", "theta_mean": -12.682226348037075, "theta_std": 5.8509376246425004, "phi_mean": -10.47521202539442, "phi_std": 3.7152813565927865}}, "2": {"HIP-FCI (1)": {"biomarker": "HIP-FCI (1)", "theta_mean": -7.842799447986775, "theta_std": 5.0981325204703944, "phi_mean": -0.7570707167602533, "phi_std": 6.087718938762566}, "PCC-FCI (2)": {"biomarker": "PCC-FCI (2)", "theta_mean": 4.4860472214256335, "theta_std": 3.441524800638547, "phi_mean": 9.580069618856891, "phi_std": 5.135223740001165}, "HIP-GMI (3)": {"biomarker": "HIP-GMI (3)", "theta_mean": 0.34422919560599924, "theta_std": 0.28960378441729673, "phi_mean": 0.4183823474239279, "phi_std": 0.244747258143268}, "FUS-GMI (4)": {"biomarker": "FUS-GMI (4)", "theta_mean": 0.5463911603469521, "theta_std": 0.08094083549317353, "phi_mean": 0.5703683046284669, "phi_std": 0.07926870698325662}, "FUS-FCI (5)": {"biomarker": "FUS-FCI (5)", "theta_mean": -13.24465941898325, "theta_std": 5.993385485799646, "phi_mean": -9.934964868339504, "phi_std": 3.1492850873258673}}, "3": {"HIP-FCI (1)": {"biomarker": "HIP-FCI (1)", "theta_mean": -7.849174349765468, "theta_std": 3.6130375559849375, "phi_mean": -0.30105928733379406, "phi_std": 6.161495665962648}, "PCC-FCI (2)": {"biomarker": "PCC-FCI (2)", "theta_mean": 4.589227585871773, "theta_std": 3.2969154603105246, "phi_mean": 10.582608290144995, "phi_std": 5.0049603894411785}, "HIP-GMI (3)": {"biomarker": "HIP-GMI (3)", "theta_mean": 0.34422919560599924, "theta_std": 0.28960378441729673, "phi_mean": 0.4183823474239279, "phi_std": 0.244747258143268}, "FUS-GMI (4)": {"biomarker": "FUS-GMI (4)", "theta_mean": 0.5355453270599523, "theta_std": 0.08729865739483009, "phi_mean": 0.5808830321723562, "phi_std": 0.07064288542580287}, "FUS-FCI (5)": {"biomarker": "FUS-FCI (5)", "theta_mean": -12.892772037265374, "theta_std": 5.963229132498498, "phi_mean": -10.1458969730117, "phi_std": 3.1774941426392753}}, "4": {"HIP-FCI (1)": {"biomarker": "HIP-FCI (1)", "theta_mean": -8.224706580866018, "theta_std": 3.806986924011217, "phi_mean": -0.6788487738813724, "phi_std": 6.186177308815837}, "PCC-FCI (2)": {"biomarker": "PCC-FCI (2)", "theta_mean": 5.7820213696210985, "theta_std": 4.077791937252607, "phi_mean": 12.518137186828385, "phi_std": 4.759691980898722}, "HIP-GMI (3)": {"biomarker": "HIP-GMI (3)", "theta_mean": 0.357480671146766, "theta_std": 0.2992538018213719, "phi_mean": 0.36922914317724487, "phi_std": 0.2565575202235604}, "FUS-GMI (4)": {"biomarker": "FUS-GMI (4)", "theta_mean": 0.5247556623908624, "theta_std": 0.09012343130415229, "phi_mean": 0.5846003421428322, "phi_std": 0.06583002431661834}, "FUS-FCI (5)": {"biomarker": "FUS-FCI (5)", "theta_mean": -12.821855179278709, "theta_std": 5.845387983309608, "phi_mean": -10.118167565569875, "phi_std": 3.3668484285107008}}, "5": {"HIP-FCI (1)": {"biomarker": "HIP-FCI (1)", "theta_mean": -8.13481175644349, "theta_std": 3.367451245028504, "phi_mean": -0.3206761167286439, "phi_std": 6.136537456709003}, "PCC-FCI (2)": {"biomarker": "PCC-FCI (2)", "theta_mean": 5.7820213696210985, "theta_std": 4.077791937252607, "phi_mean": 12.518137186828385, "phi_std": 4.759691980898722}, "HIP-GMI (3)": {"biomarker": "HIP-GMI (3)", "theta_mean": 0.33158620818066287, "theta_std": 0.3008672636815047, "phi_mean": 0.3904188032369243, "phi_std": 0.2588112770392523}, "FUS-GMI (4)": {"biomarker": "FUS-GMI (4)", "theta_mean": 0.5165878096492909, "theta_std": 0.08565655195427048, "phi_mean": 0.5889984166959861, "phi_std": 0.06461130957850321}, "FUS-FCI (5)": {"biomarker": "FUS-FCI (5)", "theta_mean": -12.98936865656766, "theta_std": 5.835594052341591, "phi_mean": -9.832941915050847, "phi_std": 3.139860708725906}}}