iteration,all_current_accepted_likelihoods
1,-2108.018173820289
2,-1434.0166804481617
3,-1384.551365734078
4,-1385.199242495044
5,-1384.75031668349
6,-1385.8572557967184
