{"0": {"HIP-FCI (1)": {"biomarker": "HIP-FCI (1)", "theta_mean": -10.506990962078621, "theta_std": 4.514994497464985, "phi_mean": -1.802169239046118, "phi_std": 6.24058310585137}, "PCC-FCI (2)": {"biomarker": "PCC-FCI (2)", "theta_mean": 4.916811701515431, "theta_std": 3.0085574356861153, "phi_mean": 11.164148692800088, "phi_std": 3.9827502407759}, "HIP-GMI (3)": {"biomarker": "HIP-GMI (3)", "theta_mean": 0.2785125008431802, "theta_std": 0.29330594294514534, "phi_mean": 0.5125824898842344, "phi_std": 0.18263198066080386}, "FUS-GMI (4)": {"biomarker": "FUS-GMI (4)", "theta_mean": 0.5197995616826219, "theta_std": 0.06286471268229843, "phi_mean": 0.6274416289410523, "phi_std": 0.0628956621458916}, "FUS-FCI (5)": {"biomarker": "FUS-FCI (5)", "theta_mean": -12.1537437975917, "theta_std": 5.917875547229622, "phi_mean": -9.049868681811763, "phi_std": 2.433334513539895}}, "1": {"HIP-FCI (1)": {"biomarker": "HIP-FCI (1)", "theta_mean": -8.15585623382437, "theta_std": 4.913595867931903, "phi_mean": 4.249600847794406, "phi_std": 3.9061375690751694}, "PCC-FCI (2)": {"biomarker": "PCC-FCI (2)", "theta_mean": 5.018204860383554, "theta_std": 2.929691916003452, "phi_mean": 10.59651176426499, "phi_std": 4.515260188970362}, "HIP-GMI (3)": {"biomarker": "HIP-GMI (3)", "theta_mean": 0.031668177464575786, "theta_std": 0.24084647474356505, "phi_mean": 0.45472250856567675, "phi_std": 0.21252551470315476}, "FUS-GMI (4)": {"biomarker": "FUS-GMI (4)", "theta_mean": 0.5156814635665428, "theta_std": 0.06291867636869482, "phi_mean": 0.6179927229440123, "phi_std": 0.06697294895767626}, "FUS-FCI (5)": {"biomarker": "FUS-FCI (5)", "theta_mean": -12.1537437975917, "theta_std": 5.917875547229622, "phi_mean": -9.049868681811763, "phi_std": 2.433334513539895}}, "2": {"HIP-FCI (1)": {"biomarker": "HIP-FCI (1)", "theta_mean": -6.319431674631338, "theta_std": 6.586229305033048, "phi_mean": 4.469146875242475, "phi_std": 1.4348683154517088}, "PCC-FCI (2)": {"biomarker": "PCC-FCI (2)", "theta_mean": 4.823136452853052, "theta_std": 2.85494024257244, "phi_mean": 11.922277560504128, "phi_std": 3.434122311180353}, "HIP-GMI (3)": {"biomarker": "HIP-GMI (3)", "theta_mean": -0.03730388207160709, "theta_std": 0.19821886279392756, "phi_mean": 0.43923363880877836, "phi_std": 0.22129234059180425}, "FUS-GMI (4)": {"biomarker": "FUS-GMI (4)", "theta_mean": 0.5036848386859831, "theta_std": 0.05680862024159456, "phi_mean": 0.6227020155787145, "phi_std": 0.05886865227181732}, "FUS-FCI (5)": {"biomarker": "FUS-FCI (5)", "theta_mean": -12.607009190938303, "theta_std": 6.17582351621935, "phi_mean": -9.055135214544821, "phi_std": 2.0556707531842715}}, "3": {"HIP-FCI (1)": {"biomarker": "HIP-FCI (1)", "theta_mean": -6.319431674631338, "theta_std": 6.586229305033048, "phi_mean": 4.469146875242475, "phi_std": 1.4348683154517088}, "PCC-FCI (2)": {"biomarker": "PCC-FCI (2)", "theta_mean": 4.8146212420483305, "theta_std": 2.8091132320442966, "phi_mean": 12.162220543078256, "phi_std": 3.251004483808748}, "HIP-GMI (3)": {"biomarker": "HIP-GMI (3)", "theta_mean": -0.08102009199762554, "theta_std": 0.19298050901898675, "phi_mean": 0.42732613087711857, "phi_std": 0.2246160783562291}, "FUS-GMI (4)": {"biomarker": "FUS-GMI (4)", "theta_mean": 0.5029072105702189, "theta_std": 0.05602818273282929, "phi_mean": 0.6233007204112055, "phi_std": 0.05822355097917704}, "FUS-FCI (5)": {"biomarker": "FUS-FCI (5)", "theta_mean": -12.663404154490784, "theta_std": 6.221203022372733, "phi_mean": -9.097978639373045, "phi_std": 2.0058257894253937}}, "4": {"HIP-FCI (1)": {"biomarker": "HIP-FCI (1)", "theta_mean": -6.319431674631338, "theta_std": 6.586229305033048, "phi_mean": 4.469146875242475, "phi_std": 1.4348683154517088}, "PCC-FCI (2)": {"biomarker": "PCC-FCI (2)", "theta_mean": 5.159818185908293, "theta_std": 2.981615892020763, "phi_mean": 12.729760949944572, "phi_std": 3.2506021448990396}, "HIP-GMI (3)": {"biomarker": "HIP-GMI (3)", "theta_mean": -0.11144941110677112, "theta_std": 0.18935119918504378, "phi_mean": 0.42018692056297385, "phi_std": 0.22690192758733319}, "FUS-GMI (4)": {"biomarker": "FUS-GMI (4)", "theta_mean": 0.498475438787842, "theta_std": 0.05487312268362716, "phi_mean": 0.6212790063175613, "phi_std": 0.057647719222325096}, "FUS-FCI (5)": {"biomarker": "FUS-FCI (5)", "theta_mean": -13.439356165292057, "theta_std": 6.744179486855089, "phi_mean": -9.546673532905835, "phi_std": 2.458068469881896}}, "5": {"HIP-FCI (1)": {"biomarker": "HIP-FCI (1)", "theta_mean": -7.418254131445169, "theta_std": 5.794693904526068, "phi_mean": 4.679969823005998, "phi_std": 1.8008391295313635}, "PCC-FCI (2)": {"biomarker": "PCC-FCI (2)", "theta_mean": 6.454484277230612, "theta_std": 4.180394882989742, "phi_mean": 12.145434206408977, "phi_std": 3.6464890457721197}, "HIP-GMI (3)": {"biomarker": "HIP-GMI (3)", "theta_mean": -0.04641500221748257, "theta_std": 0.17149361357810988, "phi_mean": 0.45673588343237753, "phi_std": 0.205134350199527}, "FUS-GMI (4)": {"biomarker": "FUS-GMI (4)", "theta_mean": 0.5660212348851856, "theta_std": 0.0835355299891789, "phi_mean": 0.6151043223370924, "phi_std": 0.05882967439154819}, "FUS-FCI (5)": {"biomarker": "FUS-FCI (5)", "theta_mean": -12.185529309235656, "theta_std": 5.943144808853606, "phi_mean": -9.074865461763375, "phi_std": 2.326399627223442}}}