{"0": {"HIP-FCI (1)": {"biomarker": "HIP-FCI (1)", "theta_mean": -10.486867878219444, "theta_std": 4.45823482746817, "phi_mean": -1.7430444472603004, "phi_std": 6.2479939828101765}, "PCC-FCI (2)": {"biomarker": "PCC-FCI (2)", "theta_mean": 4.525691155651422, "theta_std": 2.7980333153616406, "phi_mean": 9.96932386230397, "phi_std": 4.322590031845584}, "HIP-GMI (3)": {"biomarker": "HIP-GMI (3)", "theta_mean": 0.2713394282255268, "theta_std": 0.2905150281909332, "phi_mean": 0.5205105820392149, "phi_std": 0.181293040296801}, "FUS-GMI (4)": {"biomarker": "FUS-GMI (4)", "theta_mean": 0.5270134293548758, "theta_std": 0.06557206619645217, "phi_mean": 0.6341259031975599, "phi_std": 0.06111013041246791}, "FUS-FCI (5)": {"biomarker": "FUS-FCI (5)", "theta_mean": -12.1537437975917, "theta_std": 5.917875547229622, "phi_mean": -9.049868681811763, "phi_std": 2.433334513539895}}, "1": {"HIP-FCI (1)": {"biomarker": "HIP-FCI (1)", "theta_mean": -9.018715939030587, "theta_std": 4.722020354733963, "phi_mean": 1.3323583606588016, "phi_std": 5.4217973660497565}, "PCC-FCI (2)": {"biomarker": "PCC-FCI (2)", "theta_mean": 4.5710624831446145, "theta_std": 2.7090953981828325, "phi_mean": 9.813063564423995, "phi_std": 4.476744759926779}, "HIP-GMI (3)": {"biomarker": "HIP-GMI (3)", "theta_mean": 0.31610324843848736, "theta_std": 0.29332893951428535, "phi_mean": 0.49095799347558555, "phi_std": 0.19613017715757708}, "FUS-GMI (4)": {"biomarker": "FUS-GMI (4)", "theta_mean": 0.4835256356098256, "theta_std": 0.04347675443477556, "phi_mean": 0.6101979660743919, "phi_std": 0.06398707395548091}, "FUS-FCI (5)": {"biomarker": "FUS-FCI (5)", "theta_mean": -12.1537437975917, "theta_std": 5.917875547229622, "phi_mean": -9.049868681811763, "phi_std": 2.433334513539895}}, "2": {"HIP-FCI (1)": {"biomarker": "HIP-FCI (1)", "theta_mean": -8.75665240155813, "theta_std": 4.608957880539457, "phi_mean": 3.162258045608558, "phi_std": 4.198826885616147}, "PCC-FCI (2)": {"biomarker": "PCC-FCI (2)", "theta_mean": 4.48050008506817, "theta_std": 2.654778476635586, "phi_mean": 9.79803064607755, "phi_std": 4.436271816270946}, "HIP-GMI (3)": {"biomarker": "HIP-GMI (3)", "theta_mean": 0.331289723380988, "theta_std": 0.29361473090797063, "phi_mean": 0.4589314915417557, "phi_std": 0.20379862482669497}, "FUS-GMI (4)": {"biomarker": "FUS-GMI (4)", "theta_mean": 0.47340228187199573, "theta_std": 0.03986517217532569, "phi_mean": 0.6051958788427803, "phi_std": 0.06460044194510355}, "FUS-FCI (5)": {"biomarker": "FUS-FCI (5)", "theta_mean": -12.1537437975917, "theta_std": 5.917875547229622, "phi_mean": -9.049868681811763, "phi_std": 2.433334513539895}}, "3": {"HIP-FCI (1)": {"biomarker": "HIP-FCI (1)", "theta_mean": -8.57068281766783, "theta_std": 4.642048472417538, "phi_mean": 3.763054212050219, "phi_std": 3.853001237277254}, "PCC-FCI (2)": {"biomarker": "PCC-FCI (2)", "theta_mean": 4.444480284079398, "theta_std": 2.6453938463696534, "phi_mean": 9.887225752676416, "phi_std": 4.379667462629973}, "HIP-GMI (3)": {"biomarker": "HIP-GMI (3)", "theta_mean": 0.33090258009242096, "theta_std": 0.29444427815868524, "phi_mean": 0.4569751885517087, "phi_std": 0.20088451037976454}, "FUS-GMI (4)": {"biomarker": "FUS-GMI (4)", "theta_mean": 0.4675975101323717, "theta_std": 0.03746343314481176, "phi_mean": 0.6026720637245347, "phi_std": 0.06501321215119685}, "FUS-FCI (5)": {"biomarker": "FUS-FCI (5)", "theta_mean": -12.1537437975917, "theta_std": 5.917875547229622, "phi_mean": -9.049868681811763, "phi_std": 2.433334513539895}}, "4": {"HIP-FCI (1)": {"biomarker": "HIP-FCI (1)", "theta_mean": -8.328040236099557, "theta_std": 4.752722332032875, "phi_mean": 4.2738635045355435, "phi_std": 3.665694928438516}, "PCC-FCI (2)": {"biomarker": "PCC-FCI (2)", "theta_mean": 4.483469944408662, "theta_std": 2.637695980846209, "phi_mean": 10.130592205396546, "phi_std": 4.326283233284864}, "HIP-GMI (3)": {"biomarker": "HIP-GMI (3)", "theta_mean": 0.34150715264436987, "theta_std": 0.2894552361712517, "phi_mean": 0.4371776006597409, "phi_std": 0.22779631896015726}, "FUS-GMI (4)": {"biomarker": "FUS-GMI (4)", "theta_mean": 0.4637653731259162, "theta_std": 0.03654984481628593, "phi_mean": 0.6002802400105788, "phi_std": 0.06591563006497636}, "FUS-FCI (5)": {"biomarker": "FUS-FCI (5)", "theta_mean": -12.392136546745366, "theta_std": 6.086746043817276, "phi_mean": -9.164017365970892, "phi_std": 2.111170138449253}}, "5": {"HIP-FCI (1)": {"biomarker": "HIP-FCI (1)", "theta_mean": -8.178469647612868, "theta_std": 4.785136562932415, "phi_mean": 4.878845143360069, "phi_std": 3.15980447134008}, "PCC-FCI (2)": {"biomarker": "PCC-FCI (2)", "theta_mean": 4.457063757360239, "theta_std": 2.5701315855319904, "phi_mean": 10.2824170068606, "phi_std": 4.280380091203407}, "HIP-GMI (3)": {"biomarker": "HIP-GMI (3)", "theta_mean": 0.34150715264436987, "theta_std": 0.2894552361712517, "phi_mean": 0.4371776006597409, "phi_std": 0.22779631896015726}, "FUS-GMI (4)": {"biomarker": "FUS-GMI (4)", "theta_mean": 0.4637653731259162, "theta_std": 0.03654984481628593, "phi_mean": 0.6002802400105788, "phi_std": 0.06591563006497636}, "FUS-FCI (5)": {"biomarker": "FUS-FCI (5)", "theta_mean": -12.392136546745366, "theta_std": 6.086746043817276, "phi_mean": -9.164017365970892, "phi_std": 2.111170138449253}}}