iteration,all_current_accepted_likelihoods
1,-1689.3209279746807
2,-1358.2083981879448
3,-1310.347707292924
4,-1308.5302495362134
5,-1308.5302495362134
6,-1308.5302495362134
