{"0": {"HIP-FCI (1)": {"biomarker": "HIP-FCI (1)", "theta_mean": -5.487030368716713, "theta_std": 5.284827373462337, "phi_mean": 5.073240066981027, "phi_std": 2.0731226725056033}, "PCC-FCI (2)": {"biomarker": "PCC-FCI (2)", "theta_mean": 4.979541626901427, "theta_std": 2.989561971411221, "phi_mean": 11.743304483337687, "phi_std": 4.130858065374824}, "HIP-GMI (3)": {"biomarker": "HIP-GMI (3)", "theta_mean": 0.4808292383030604, "theta_std": 0.23712581622058984, "phi_mean": 0.27098884283853425, "phi_std": 0.2452857075505673}, "FUS-GMI (4)": {"biomarker": "FUS-GMI (4)", "theta_mean": 0.46691082613297, "theta_std": 0.0501424613333851, "phi_mean": 0.6048429764934253, "phi_std": 0.05678033421593821}, "FUS-FCI (5)": {"biomarker": "FUS-FCI (5)", "theta_mean": -12.379766875987286, "theta_std": 5.976500428126148, "phi_mean": -9.813820977959153, "phi_std": 3.0606641410544597}}, "1": {"HIP-FCI (1)": {"biomarker": "HIP-FCI (1)", "theta_mean": -5.179506079401843, "theta_std": 5.887105201183947, "phi_mean": 4.929927299417348, "phi_std": 1.6818639417703432}, "PCC-FCI (2)": {"biomarker": "PCC-FCI (2)", "theta_mean": 2.8663470510363673, "theta_std": 2.2804016817608033, "phi_mean": 9.837397239071203, "phi_std": 4.687487851473969}, "HIP-GMI (3)": {"biomarker": "HIP-GMI (3)", "theta_mean": 0.46753560481045575, "theta_std": 0.3050916277595457, "phi_mean": 0.2997510129368581, "phi_std": 0.24157696918003865}, "FUS-GMI (4)": {"biomarker": "FUS-GMI (4)", "theta_mean": 0.4914032747717919, "theta_std": 0.056891003226005044, "phi_mean": 0.6105541616973232, "phi_std": 0.05489151336386733}, "FUS-FCI (5)": {"biomarker": "FUS-FCI (5)", "theta_mean": -12.379766875987286, "theta_std": 5.976500428126148, "phi_mean": -9.813820977959153, "phi_std": 3.0606641410544597}}, "2": {"HIP-FCI (1)": {"biomarker": "HIP-FCI (1)", "theta_mean": -5.020115462986863, "theta_std": 5.91501580889226, "phi_mean": 4.984279568757033, "phi_std": 1.6462791853242713}, "PCC-FCI (2)": {"biomarker": "PCC-FCI (2)", "theta_mean": 2.654822285902371, "theta_std": 1.5505289049166087, "phi_mean": 9.704674398935348, "phi_std": 4.757325560764826}, "HIP-GMI (3)": {"biomarker": "HIP-GMI (3)", "theta_mean": 0.47910141482066215, "theta_std": 0.31103671234876695, "phi_mean": 0.29968392401592275, "phi_std": 0.2403002286833704}, "FUS-GMI (4)": {"biomarker": "FUS-GMI (4)", "theta_mean": 0.4997198876096739, "theta_std": 0.05909171113259689, "phi_mean": 0.6118932050388082, "phi_std": 0.0552193924647943}, "FUS-FCI (5)": {"biomarker": "FUS-FCI (5)", "theta_mean": -12.379766875987286, "theta_std": 5.976500428126148, "phi_mean": -9.813820977959153, "phi_std": 3.0606641410544597}}, "3": {"HIP-FCI (1)": {"biomarker": "HIP-FCI (1)", "theta_mean": -4.941814543680393, "theta_std": 5.928264924902082, "phi_mean": 5.011164225976685, "phi_std": 1.6293079958487298}, "PCC-FCI (2)": {"biomarker": "PCC-FCI (2)", "theta_mean": 2.9541285417405936, "theta_std": 1.2722507072456122, "phi_mean": 9.676869992655293, "phi_std": 4.805003319218585}, "HIP-GMI (3)": {"biomarker": "HIP-GMI (3)", "theta_mean": 0.5313668309250508, "theta_std": 0.30625333618017425, "phi_mean": 0.29734365002400265, "phi_std": 0.23900852131447753}, "FUS-GMI (4)": {"biomarker": "FUS-GMI (4)", "theta_mean": 0.505878752035362, "theta_std": 0.06254051022604971, "phi_mean": 0.6120837165788281, "phi_std": 0.05564832642429918}, "FUS-FCI (5)": {"biomarker": "FUS-FCI (5)", "theta_mean": -12.379766875987286, "theta_std": 5.976500428126148, "phi_mean": -9.813820977959153, "phi_std": 3.0606641410544597}}, "4": {"HIP-FCI (1)": {"biomarker": "HIP-FCI (1)", "theta_mean": -4.75670710152402, "theta_std": 5.996137908347415, "phi_mean": 5.037794530244535, "phi_std": 1.6241982869818534}, "PCC-FCI (2)": {"biomarker": "PCC-FCI (2)", "theta_mean": 3.003045168902701, "theta_std": 0.9323277620247872, "phi_mean": 9.672325825104718, "phi_std": 4.818560745470647}, "HIP-GMI (3)": {"biomarker": "HIP-GMI (3)", "theta_mean": 0.3310644415630785, "theta_std": 0.27369460124230244, "phi_mean": 0.3221286537101888, "phi_std": 0.24586224608067975}, "FUS-GMI (4)": {"biomarker": "FUS-GMI (4)", "theta_mean": 0.5146610543742071, "theta_std": 0.06515867569477937, "phi_mean": 0.6130935836363661, "phi_std": 0.056189269669917996}, "FUS-FCI (5)": {"biomarker": "FUS-FCI (5)", "theta_mean": -17.0626596503254, "theta_std": 6.673787760026251, "phi_mean": -9.69739332519925, "phi_std": 3.01805278117947}}, "5": {"HIP-FCI (1)": {"biomarker": "HIP-FCI (1)", "theta_mean": -4.86597448235824, "theta_std": 5.9393415449106275, "phi_mean": 5.039159943310091, "phi_std": 1.6102128622199214}, "PCC-FCI (2)": {"biomarker": "PCC-FCI (2)", "theta_mean": 3.0962757544922392, "theta_std": 0.7897457998395297, "phi_mean": 9.736232897956665, "phi_std": 4.808878748763877}, "HIP-GMI (3)": {"biomarker": "HIP-GMI (3)", "theta_mean": 0.4319039199637281, "theta_std": 0.36443614484243325, "phi_mean": 0.3087374026220972, "phi_std": 0.23335780525643135}, "FUS-GMI (4)": {"biomarker": "FUS-GMI (4)", "theta_mean": 0.5233790762640712, "theta_std": 0.06938036751850343, "phi_mean": 0.6128084276006042, "phi_std": 0.056921431515887216}, "FUS-FCI (5)": {"biomarker": "FUS-FCI (5)", "theta_mean": -12.379766875987286, "theta_std": 5.976500428126148, "phi_mean": -9.813820977959153, "phi_std": 3.0606641410544597}}}