{"0": {"HIP-FCI (1)": {"biomarker": "HIP-FCI (1)", "theta_mean": -5.563873702280879, "theta_std": 5.141792214099589, "phi_mean": 5.131209599318908, "phi_std": 2.0471310914721843}, "PCC-FCI (2)": {"biomarker": "PCC-FCI (2)", "theta_mean": 5.0540506117979485, "theta_std": 3.025504473136987, "phi_mean": 11.695667591354665, "phi_std": 4.190984964498246}, "HIP-GMI (3)": {"biomarker": "HIP-GMI (3)", "theta_mean": 0.6235056816074036, "theta_std": 0.1956071025013491, "phi_mean": 0.2802581278839702, "phi_std": 0.23745948895067484}, "FUS-GMI (4)": {"biomarker": "FUS-GMI (4)", "theta_mean": 0.4993337606337507, "theta_std": 0.06459701764735534, "phi_mean": 0.6091410406454844, "phi_std": 0.05624232953447948}, "FUS-FCI (5)": {"biomarker": "FUS-FCI (5)", "theta_mean": -12.379766875987286, "theta_std": 5.976500428126148, "phi_mean": -9.813820977959153, "phi_std": 3.0606641410544597}}, "1": {"HIP-FCI (1)": {"biomarker": "HIP-FCI (1)", "theta_mean": -4.966739538779239, "theta_std": 5.752867326720818, "phi_mean": 5.12328489867074, "phi_std": 1.6525556945505788}, "PCC-FCI (2)": {"biomarker": "PCC-FCI (2)", "theta_mean": 5.073016454057149, "theta_std": 2.959600518897938, "phi_mean": 11.793717312841142, "phi_std": 4.170180809690209}, "HIP-GMI (3)": {"biomarker": "HIP-GMI (3)", "theta_mean": 0.7320785926451983, "theta_std": 0.16419692275116615, "phi_mean": 0.2889288166795539, "phi_std": 0.23407347730804418}, "FUS-GMI (4)": {"biomarker": "FUS-GMI (4)", "theta_mean": 0.5685819198001671, "theta_std": 0.08451739210271547, "phi_mean": 0.6024830310857561, "phi_std": 0.055791937181745584}, "FUS-FCI (5)": {"biomarker": "FUS-FCI (5)", "theta_mean": -15.942671668831748, "theta_std": 7.076014755041676, "phi_mean": -9.769579004043813, "phi_std": 2.984580922083118}}, "2": {"HIP-FCI (1)": {"biomarker": "HIP-FCI (1)", "theta_mean": -4.829877889767013, "theta_std": 5.8685841624661474, "phi_mean": 5.100125201710789, "phi_std": 1.6424866232855813}, "PCC-FCI (2)": {"biomarker": "PCC-FCI (2)", "theta_mean": 5.052125191485135, "theta_std": 2.9472041179816375, "phi_mean": 11.864413893741286, "phi_std": 4.115432550974827}, "HIP-GMI (3)": {"biomarker": "HIP-GMI (3)", "theta_mean": 0.7589322842321442, "theta_std": 0.15184102977991318, "phi_mean": 0.2890021357587632, "phi_std": 0.23219320070556612}, "FUS-GMI (4)": {"biomarker": "FUS-GMI (4)", "theta_mean": 0.5685819198001671, "theta_std": 0.08451739210271547, "phi_mean": 0.6024830310857561, "phi_std": 0.055791937181745584}, "FUS-FCI (5)": {"biomarker": "FUS-FCI (5)", "theta_mean": -17.185359637886858, "theta_std": 6.550394564295749, "phi_mean": -9.668611846635452, "phi_std": 3.01049465201951}}, "3": {"HIP-FCI (1)": {"biomarker": "HIP-FCI (1)", "theta_mean": -4.680033272391413, "theta_std": 6.0112950468738, "phi_mean": 5.062690189332724, "phi_std": 1.6036290042060588}, "PCC-FCI (2)": {"biomarker": "PCC-FCI (2)", "theta_mean": 5.052125191485135, "theta_std": 2.9472041179816375, "phi_mean": 11.864413893741286, "phi_std": 4.115432550974827}, "HIP-GMI (3)": {"biomarker": "HIP-GMI (3)", "theta_mean": 0.7811796298095784, "theta_std": 0.14820859016027657, "phi_mean": 0.2923806167203905, "phi_std": 0.23327233405161174}, "FUS-GMI (4)": {"biomarker": "FUS-GMI (4)", "theta_mean": 0.5685819198001671, "theta_std": 0.08451739210271547, "phi_mean": 0.6024830310857561, "phi_std": 0.055791937181745584}, "FUS-FCI (5)": {"biomarker": "FUS-FCI (5)", "theta_mean": -17.552939927200494, "theta_std": 6.2396278295092555, "phi_mean": -9.631288393179299, "phi_std": 3.038609690768069}}, "4": {"HIP-FCI (1)": {"biomarker": "HIP-FCI (1)", "theta_mean": -4.8914529020899495, "theta_std": 5.766415181121601, "phi_mean": 5.152577989985883, "phi_std": 1.6317767988914265}, "PCC-FCI (2)": {"biomarker": "PCC-FCI (2)", "theta_mean": 3.880143555081187, "theta_std": 2.7544196634298213, "phi_mean": 10.989386295552421, "phi_std": 4.193210960810584}, "HIP-GMI (3)": {"biomarker": "HIP-GMI (3)", "theta_mean": 0.772946456686767, "theta_std": 0.14645952480529545, "phi_mean": 0.29040601447040665, "phi_std": 0.23234650465144244}, "FUS-GMI (4)": {"biomarker": "FUS-GMI (4)", "theta_mean": 0.5685819198001671, "theta_std": 0.08451739210271547, "phi_mean": 0.6024830310857561, "phi_std": 0.055791937181745584}, "FUS-FCI (5)": {"biomarker": "FUS-FCI (5)", "theta_mean": -14.124019994212226, "theta_std": 6.414754841124316, "phi_mean": -9.571800344228757, "phi_std": 2.9501341240520587}}, "5": {"HIP-FCI (1)": {"biomarker": "HIP-FCI (1)", "theta_mean": -5.5351270060264355, "theta_std": 5.575964622687861, "phi_mean": 4.925995038210522, "phi_std": 1.8919195422626593}, "PCC-FCI (2)": {"biomarker": "PCC-FCI (2)", "theta_mean": 5.686614156366612, "theta_std": 3.5763064690197512, "phi_mean": 11.959683537946306, "phi_std": 4.108754803069549}, "HIP-GMI (3)": {"biomarker": "HIP-GMI (3)", "theta_mean": 0.7733511512421457, "theta_std": 0.15159190818477847, "phi_mean": 0.2929698570426704, "phi_std": 0.234330354951046}, "FUS-GMI (4)": {"biomarker": "FUS-GMI (4)", "theta_mean": 0.5685819198001671, "theta_std": 0.08451739210271547, "phi_mean": 0.6024830310857561, "phi_std": 0.055791937181745584}, "FUS-FCI (5)": {"biomarker": "FUS-FCI (5)", "theta_mean": -16.55855607324029, "theta_std": 6.701095710407465, "phi_mean": -9.644933103281971, "phi_std": 2.940211973343601}}}