iteration,all_current_accepted_likelihoods
1,-4510.990483138969
2,-4510.990483138969
3,-4510.990483138969
4,-4403.337241790879
5,-4403.337241790879
6,-4403.337241790879
