{"HIP-FCI (1)": {"biomarker": "HIP-FCI (1)", "theta_mean": -10.685406625658972, "theta_std": 5.001965059292913, "phi_mean": 1.7718022147654648, "phi_std": 4.14886362929917}, "PCC-FCI (2)": {"biomarker": "PCC-FCI (2)", "theta_mean": 3.896809720856178, "theta_std": 2.4182277702434947, "phi_mean": 11.326259464931574, "phi_std": 3.0097869947550877}, "HIP-GMI (3)": {"biomarker": "HIP-GMI (3)", "theta_mean": 0.6157260464646103, "theta_std": 0.17010876911405387, "phi_mean": 0.15454833962248532, "phi_std": 0.18519272264000156}, "FUS-GMI (4)": {"biomarker": "FUS-GMI (4)", "theta_mean": 0.47938000024312216, "theta_std": 0.05224689094641037, "phi_mean": 0.6163338748535505, "phi_std": 0.04708417700134735}, "FUS-FCI (5)": {"biomarker": "FUS-FCI (5)", "theta_mean": -19.121200509614837, "theta_std": 4.250816708126315, "phi_mean": -9.436112106766172, "phi_std": 2.8736530759378573}}