iteration,all_current_accepted_likelihoods
1,-4018.308911714607
2,-4018.308911714607
3,-3999.5057305750793
4,-3999.5057305750793
5,-3999.5057305750793
6,-3999.5057305750793
