{"HIP-FCI (1)": {"biomarker": "HIP-FCI (1)", "theta_mean": -8.502967646697435, "theta_std": 4.558959521599422, "phi_mean": 3.9397985491862038, "phi_std": 2.5748497636498207}, "PCC-FCI (2)": {"biomarker": "PCC-FCI (2)", "theta_mean": 5.5006546174537005, "theta_std": 2.7974017436816365, "phi_mean": 14.222153623744092, "phi_std": 3.0535943294986567}, "HIP-GMI (3)": {"biomarker": "HIP-GMI (3)", "theta_mean": 0.162683008423433, "theta_std": 0.17688766283470875, "phi_mean": 0.60048493230918, "phi_std": 0.16188905069654916}, "FUS-GMI (4)": {"biomarker": "FUS-GMI (4)", "theta_mean": 0.5200877936486134, "theta_std": 0.04692648637623761, "phi_mean": 0.635426102446761, "phi_std": 0.04405325202197849}, "FUS-FCI (5)": {"biomarker": "FUS-FCI (5)", "theta_mean": -19.652835402674572, "theta_std": 4.204862420876211, "phi_mean": -9.369884120624826, "phi_std": 2.834117165638306}}