iteration,all_current_accepted_likelihoods
1,-410.1057734143234
2,-321.76362510582237
3,-317.83688800586276
4,-318.71553401840447
5,-312.5179172740784
6,-311.8498348832661
