{"0": {"HIP-FCI (1)": {"biomarker": "HIP-FCI (1)", "theta_mean": -7.105160994594981, "theta_std": 4.0705461814394495, "phi_mean": 4.31963916467465, "phi_std": 2.84186614907962}, "PCC-FCI (2)": {"biomarker": "PCC-FCI (2)", "theta_mean": 4.793783407824989, "theta_std": 3.6396723867313265, "phi_mean": 11.607814072757114, "phi_std": 3.9639850743906613}, "HIP-GMI (3)": {"biomarker": "HIP-GMI (3)", "theta_mean": 0.34330197924551475, "theta_std": 0.29254937387470015, "phi_mean": 0.42330045759271673, "phi_std": 0.23488712035143847}, "FUS-GMI (4)": {"biomarker": "FUS-GMI (4)", "theta_mean": 0.4767275226329175, "theta_std": 0.05364528534179821, "phi_mean": 0.6167853663442135, "phi_std": 0.05675028491484038}, "FUS-FCI (5)": {"biomarker": "FUS-FCI (5)", "theta_mean": -11.286152418082263, "theta_std": 4.819029625940621, "phi_mean": -8.879960018243247, "phi_std": 2.4923127592660954}}, "1": {"HIP-FCI (1)": {"biomarker": "HIP-FCI (1)", "theta_mean": -7.365174486639852, "theta_std": 3.883497785004439, "phi_mean": 4.479002272702153, "phi_std": 2.2977943192941184}, "PCC-FCI (2)": {"biomarker": "PCC-FCI (2)", "theta_mean": 5.670119716073632, "theta_std": 4.718827333267383, "phi_mean": 11.276600217703042, "phi_std": 3.773718889606054}, "HIP-GMI (3)": {"biomarker": "HIP-GMI (3)", "theta_mean": 0.34940780426896156, "theta_std": 0.28819520656927444, "phi_mean": 0.42039457170315797, "phi_std": 0.23908008948130588}, "FUS-GMI (4)": {"biomarker": "FUS-GMI (4)", "theta_mean": 0.46355366431675293, "theta_std": 0.04908536471062024, "phi_mean": 0.61307593873769, "phi_std": 0.05763400234616888}, "FUS-FCI (5)": {"biomarker": "FUS-FCI (5)", "theta_mean": -11.616803372197872, "theta_std": 5.299226274801664, "phi_mean": -9.060558115472679, "phi_std": 2.367770392683524}}, "2": {"HIP-FCI (1)": {"biomarker": "HIP-FCI (1)", "theta_mean": -7.092118320624228, "theta_std": 3.9678849554909688, "phi_mean": 4.691770720669803, "phi_std": 2.013075070368437}, "PCC-FCI (2)": {"biomarker": "PCC-FCI (2)", "theta_mean": 5.414797985834828, "theta_std": 4.643856934482112, "phi_mean": 11.296647949399269, "phi_std": 3.701793219037151}, "HIP-GMI (3)": {"biomarker": "HIP-GMI (3)", "theta_mean": 0.34940780426896156, "theta_std": 0.28819520656927444, "phi_mean": 0.42039457170315797, "phi_std": 0.23908008948130588}, "FUS-GMI (4)": {"biomarker": "FUS-GMI (4)", "theta_mean": 0.46355366431675293, "theta_std": 0.04908536471062024, "phi_mean": 0.61307593873769, "phi_std": 0.05763400234616888}, "FUS-FCI (5)": {"biomarker": "FUS-FCI (5)", "theta_mean": -11.513696934961084, "theta_std": 5.192031329876607, "phi_mean": -9.047075009446726, "phi_std": 2.407115444026153}}, "3": {"HIP-FCI (1)": {"biomarker": "HIP-FCI (1)", "theta_mean": -7.092118320624228, "theta_std": 3.9678849554909688, "phi_mean": 4.691770720669803, "phi_std": 2.013075070368437}, "PCC-FCI (2)": {"biomarker": "PCC-FCI (2)", "theta_mean": 5.414797985834828, "theta_std": 4.643856934482112, "phi_mean": 11.296647949399269, "phi_std": 3.701793219037151}, "HIP-GMI (3)": {"biomarker": "HIP-GMI (3)", "theta_mean": 0.35730510288121836, "theta_std": 0.3000144273894042, "phi_mean": 0.40658382628272083, "phi_std": 0.23590819405134095}, "FUS-GMI (4)": {"biomarker": "FUS-GMI (4)", "theta_mean": 0.46355366431675293, "theta_std": 0.04908536471062024, "phi_mean": 0.61307593873769, "phi_std": 0.05763400234616888}, "FUS-FCI (5)": {"biomarker": "FUS-FCI (5)", "theta_mean": -11.286152418082263, "theta_std": 4.819029625940621, "phi_mean": -8.879960018243247, "phi_std": 2.4923127592660954}}, "4": {"HIP-FCI (1)": {"biomarker": "HIP-FCI (1)", "theta_mean": -7.092118320624228, "theta_std": 3.9678849554909688, "phi_mean": 4.691770720669803, "phi_std": 2.013075070368437}, "PCC-FCI (2)": {"biomarker": "PCC-FCI (2)", "theta_mean": 5.414797985834828, "theta_std": 4.643856934482112, "phi_mean": 11.296647949399269, "phi_std": 3.701793219037151}, "HIP-GMI (3)": {"biomarker": "HIP-GMI (3)", "theta_mean": 0.30631077007818874, "theta_std": 0.34537050495286253, "phi_mean": 0.41251403752125765, "phi_std": 0.22715798098690848}, "FUS-GMI (4)": {"biomarker": "FUS-GMI (4)", "theta_mean": 0.45562623466384533, "theta_std": 0.0452619015736736, "phi_mean": 0.6111692214805005, "phi_std": 0.05819007228286043}, "FUS-FCI (5)": {"biomarker": "FUS-FCI (5)", "theta_mean": -11.286152418082263, "theta_std": 4.819029625940621, "phi_mean": -8.879960018243247, "phi_std": 2.4923127592660954}}, "5": {"HIP-FCI (1)": {"biomarker": "HIP-FCI (1)", "theta_mean": -5.185412613463357, "theta_std": 5.243097955470396, "phi_mean": 5.141842821767738, "phi_std": 1.815184665491962}, "PCC-FCI (2)": {"biomarker": "PCC-FCI (2)", "theta_mean": 5.085619150907486, "theta_std": 3.828069240394219, "phi_mean": 11.600505335486044, "phi_std": 4.039317811339669}, "HIP-GMI (3)": {"biomarker": "HIP-GMI (3)", "theta_mean": 0.3816384687683852, "theta_std": 0.3734833358142709, "phi_mean": 0.38561739464359807, "phi_std": 0.2375103650134643}, "FUS-GMI (4)": {"biomarker": "FUS-GMI (4)", "theta_mean": 0.440603479562081, "theta_std": 0.03992823805233255, "phi_mean": 0.6063802287381526, "phi_std": 0.0608496187440892}, "FUS-FCI (5)": {"biomarker": "FUS-FCI (5)", "theta_mean": -12.851562413855966, "theta_std": 5.013736377621819, "phi_mean": -8.656856056745042, "phi_std": 2.3579534520253693}}}