{"0": {"HIP-FCI (1)": {"biomarker": "HIP-FCI (1)", "theta_mean": -7.105160994594981, "theta_std": 4.0705461814394495, "phi_mean": 4.31963916467465, "phi_std": 2.84186614907962}, "PCC-FCI (2)": {"biomarker": "PCC-FCI (2)", "theta_mean": 5.085619150907486, "theta_std": 3.828069240394219, "phi_mean": 11.600505335486044, "phi_std": 4.039317811339669}, "HIP-GMI (3)": {"biomarker": "HIP-GMI (3)", "theta_mean": 0.34330197924551475, "theta_std": 0.29254937387470015, "phi_mean": 0.42330045759271673, "phi_std": 0.23488712035143847}, "FUS-GMI (4)": {"biomarker": "FUS-GMI (4)", "theta_mean": 0.5323024071762094, "theta_std": 0.08728587658395703, "phi_mean": 0.6170842016383647, "phi_std": 0.05691637920144506}, "FUS-FCI (5)": {"biomarker": "FUS-FCI (5)", "theta_mean": -11.286152418082263, "theta_std": 4.819029625940621, "phi_mean": -8.879960018243247, "phi_std": 2.4923127592660954}}, "1": {"HIP-FCI (1)": {"biomarker": "HIP-FCI (1)", "theta_mean": -7.3905750129036605, "theta_std": 3.8459355817264846, "phi_mean": 4.494570337186422, "phi_std": 2.2557451313575325}, "PCC-FCI (2)": {"biomarker": "PCC-FCI (2)", "theta_mean": 5.414797985834828, "theta_std": 4.643856934482112, "phi_mean": 11.296647949399269, "phi_std": 3.701793219037151}, "HIP-GMI (3)": {"biomarker": "HIP-GMI (3)", "theta_mean": 0.34940780426896156, "theta_std": 0.28819520656927444, "phi_mean": 0.42039457170315797, "phi_std": 0.23908008948130588}, "FUS-GMI (4)": {"biomarker": "FUS-GMI (4)", "theta_mean": 0.54044943149489, "theta_std": 0.09108045442861516, "phi_mean": 0.6116528520925777, "phi_std": 0.06029484082217942}, "FUS-FCI (5)": {"biomarker": "FUS-FCI (5)", "theta_mean": -11.286152418082263, "theta_std": 4.819029625940621, "phi_mean": -8.879960018243247, "phi_std": 2.4923127592660954}}, "2": {"HIP-FCI (1)": {"biomarker": "HIP-FCI (1)", "theta_mean": -7.092118320624228, "theta_std": 3.9678849554909688, "phi_mean": 4.691770720669803, "phi_std": 2.013075070368437}, "PCC-FCI (2)": {"biomarker": "PCC-FCI (2)", "theta_mean": 5.414797985834828, "theta_std": 4.643856934482112, "phi_mean": 11.296647949399269, "phi_std": 3.701793219037151}, "HIP-GMI (3)": {"biomarker": "HIP-GMI (3)", "theta_mean": 0.34940780426896156, "theta_std": 0.28819520656927444, "phi_mean": 0.42039457170315797, "phi_std": 0.23908008948130588}, "FUS-GMI (4)": {"biomarker": "FUS-GMI (4)", "theta_mean": 0.555598029215324, "theta_std": 0.09140040477414635, "phi_mean": 0.610744938491681, "phi_std": 0.059649148819819656}, "FUS-FCI (5)": {"biomarker": "FUS-FCI (5)", "theta_mean": -11.513696934961084, "theta_std": 5.192031329876607, "phi_mean": -9.047075009446726, "phi_std": 2.407115444026153}}, "3": {"HIP-FCI (1)": {"biomarker": "HIP-FCI (1)", "theta_mean": -7.092118320624228, "theta_std": 3.9678849554909688, "phi_mean": 4.691770720669803, "phi_std": 2.013075070368437}, "PCC-FCI (2)": {"biomarker": "PCC-FCI (2)", "theta_mean": 5.414797985834828, "theta_std": 4.643856934482112, "phi_mean": 11.296647949399269, "phi_std": 3.701793219037151}, "HIP-GMI (3)": {"biomarker": "HIP-GMI (3)", "theta_mean": 0.34940780426896156, "theta_std": 0.28819520656927444, "phi_mean": 0.42039457170315797, "phi_std": 0.23908008948130588}, "FUS-GMI (4)": {"biomarker": "FUS-GMI (4)", "theta_mean": 0.555598029215324, "theta_std": 0.09140040477414635, "phi_mean": 0.610744938491681, "phi_std": 0.059649148819819656}, "FUS-FCI (5)": {"biomarker": "FUS-FCI (5)", "theta_mean": -11.513696934961084, "theta_std": 5.192031329876607, "phi_mean": -9.047075009446726, "phi_std": 2.407115444026153}}, "4": {"HIP-FCI (1)": {"biomarker": "HIP-FCI (1)", "theta_mean": -7.092118320624228, "theta_std": 3.9678849554909688, "phi_mean": 4.691770720669803, "phi_std": 2.013075070368437}, "PCC-FCI (2)": {"biomarker": "PCC-FCI (2)", "theta_mean": 5.324255202476316, "theta_std": 4.722952650018091, "phi_mean": 11.155930692128207, "phi_std": 3.7027799575952023}, "HIP-GMI (3)": {"biomarker": "HIP-GMI (3)", "theta_mean": 0.35730510288121836, "theta_std": 0.3000144273894042, "phi_mean": 0.40658382628272083, "phi_std": 0.23590819405134095}, "FUS-GMI (4)": {"biomarker": "FUS-GMI (4)", "theta_mean": 0.555598029215324, "theta_std": 0.09140040477414635, "phi_mean": 0.610744938491681, "phi_std": 0.059649148819819656}, "FUS-FCI (5)": {"biomarker": "FUS-FCI (5)", "theta_mean": -11.286152418082263, "theta_std": 4.819029625940621, "phi_mean": -8.879960018243247, "phi_std": 2.4923127592660954}}, "5": {"HIP-FCI (1)": {"biomarker": "HIP-FCI (1)", "theta_mean": -7.092118320624228, "theta_std": 3.9678849554909688, "phi_mean": 4.691770720669803, "phi_std": 2.013075070368437}, "PCC-FCI (2)": {"biomarker": "PCC-FCI (2)", "theta_mean": 5.335432774424421, "theta_std": 4.8288021345557395, "phi_mean": 10.938874189538556, "phi_std": 3.806964807743794}, "HIP-GMI (3)": {"biomarker": "HIP-GMI (3)", "theta_mean": 0.3628393299713591, "theta_std": 0.2945658593871268, "phi_mean": 0.4036946225911751, "phi_std": 0.23975019562109698}, "FUS-GMI (4)": {"biomarker": "FUS-GMI (4)", "theta_mean": 0.555598029215324, "theta_std": 0.09140040477414635, "phi_mean": 0.610744938491681, "phi_std": 0.059649148819819656}, "FUS-FCI (5)": {"biomarker": "FUS-FCI (5)", "theta_mean": -11.286152418082263, "theta_std": 4.819029625940621, "phi_mean": -8.879960018243247, "phi_std": 2.4923127592660954}}}