iteration,all_current_accepted_likelihoods
1,-3508.5718848500064
2,-3490.4070400209876
3,-3478.038354850076
4,-3468.271896240633
5,-3468.271896240633
6,-3454.5863223705724
