{"0": {"HIP-FCI (1)": {"biomarker": "HIP-FCI (1)", "theta_mean": -5.132620434704165, "theta_std": 7.596177755876529, "phi_mean": -2.946090237891363, "phi_std": 7.68394384639869}, "PCC-FCI (2)": {"biomarker": "PCC-FCI (2)", "theta_mean": 6.192678616738538, "theta_std": 4.2198361591786115, "phi_mean": 12.06025466492748, "phi_std": 3.2804228665676125}, "HIP-GMI (3)": {"biomarker": "HIP-GMI (3)", "theta_mean": 0.3023887168104292, "theta_std": 0.28576551001682055, "phi_mean": 0.38934550133880697, "phi_std": 0.2884405258275498}, "FUS-GMI (4)": {"biomarker": "FUS-GMI (4)", "theta_mean": 0.5642546337263274, "theta_std": 0.08264197622755572, "phi_mean": 0.5599570337694849, "phi_std": 0.08349527427172798}, "FUS-FCI (5)": {"biomarker": "FUS-FCI (5)", "theta_mean": -11.789400251528855, "theta_std": 5.396196386269483, "phi_mean": -11.63577889839286, "phi_std": 4.927565192474713}}, "1": {"HIP-FCI (1)": {"biomarker": "HIP-FCI (1)", "theta_mean": -6.082209383492498, "theta_std": 7.632217029478955, "phi_mean": -1.619880269076252, "phi_std": 7.080567027861702}, "PCC-FCI (2)": {"biomarker": "PCC-FCI (2)", "theta_mean": 6.192678616738538, "theta_std": 4.2198361591786115, "phi_mean": 12.06025466492748, "phi_std": 3.2804228665676125}, "HIP-GMI (3)": {"biomarker": "HIP-GMI (3)", "theta_mean": 0.3209112389967631, "theta_std": 0.26818189647322066, "phi_mean": 0.38135905681924914, "phi_std": 0.3010560747728691}, "FUS-GMI (4)": {"biomarker": "FUS-GMI (4)", "theta_mean": 0.5456542357559503, "theta_std": 0.08221982679305428, "phi_mean": 0.5645943940546514, "phi_std": 0.08320932701484919}, "FUS-FCI (5)": {"biomarker": "FUS-FCI (5)", "theta_mean": -11.997878116839575, "theta_std": 5.4982988916315705, "phi_mean": -10.900805594636912, "phi_std": 4.252682520278524}}, "2": {"HIP-FCI (1)": {"biomarker": "HIP-FCI (1)", "theta_mean": -6.6922321251804595, "theta_std": 7.675652254272225, "phi_mean": -0.8941294919661501, "phi_std": 6.466109854920289}, "PCC-FCI (2)": {"biomarker": "PCC-FCI (2)", "theta_mean": 6.192678616738538, "theta_std": 4.2198361591786115, "phi_mean": 12.06025466492748, "phi_std": 3.2804228665676125}, "HIP-GMI (3)": {"biomarker": "HIP-GMI (3)", "theta_mean": 0.3239059676059869, "theta_std": 0.27978379122495595, "phi_mean": 0.37745087201703903, "phi_std": 0.29451521070300624}, "FUS-GMI (4)": {"biomarker": "FUS-GMI (4)", "theta_mean": 0.5579390121910377, "theta_std": 0.07437434291713309, "phi_mean": 0.5613433897162559, "phi_std": 0.08519170243366006}, "FUS-FCI (5)": {"biomarker": "FUS-FCI (5)", "theta_mean": -12.320337192663606, "theta_std": 5.6864280192965495, "phi_mean": -10.37680012548424, "phi_std": 3.7160393927348476}}, "3": {"HIP-FCI (1)": {"biomarker": "HIP-FCI (1)", "theta_mean": -7.003362493801804, "theta_std": 7.6542546202867845, "phi_mean": -0.5138590414289508, "phi_std": 6.126890840494223}, "PCC-FCI (2)": {"biomarker": "PCC-FCI (2)", "theta_mean": 6.192678616738538, "theta_std": 4.2198361591786115, "phi_mean": 12.06025466492748, "phi_std": 3.2804228665676125}, "HIP-GMI (3)": {"biomarker": "HIP-GMI (3)", "theta_mean": 0.3238872781152017, "theta_std": 0.312077301398091, "phi_mean": 0.3656567792429291, "phi_std": 0.2852060284624719}, "FUS-GMI (4)": {"biomarker": "FUS-GMI (4)", "theta_mean": 0.5536436603837517, "theta_std": 0.08267112415699605, "phi_mean": 0.5647170062868219, "phi_std": 0.08347834918023964}, "FUS-FCI (5)": {"biomarker": "FUS-FCI (5)", "theta_mean": -12.405659487610523, "theta_std": 5.7561462576260505, "phi_mean": -10.065883639137386, "phi_std": 3.1220006381324295}}, "4": {"HIP-FCI (1)": {"biomarker": "HIP-FCI (1)", "theta_mean": -7.206762448554153, "theta_std": 7.514627090774729, "phi_mean": -0.10749765691748647, "phi_std": 5.934739406767199}, "PCC-FCI (2)": {"biomarker": "PCC-FCI (2)", "theta_mean": 6.192678616738538, "theta_std": 4.2198361591786115, "phi_mean": 12.06025466492748, "phi_std": 3.2804228665676125}, "HIP-GMI (3)": {"biomarker": "HIP-GMI (3)", "theta_mean": 0.3439930840090757, "theta_std": 0.290509802456325, "phi_mean": 0.3926275503524161, "phi_std": 0.28756442959913747}, "FUS-GMI (4)": {"biomarker": "FUS-GMI (4)", "theta_mean": 0.5477598202629708, "theta_std": 0.08958525201636573, "phi_mean": 0.5679635297625748, "phi_std": 0.07875253901164689}, "FUS-FCI (5)": {"biomarker": "FUS-FCI (5)", "theta_mean": -12.762202473268983, "theta_std": 5.718839046791189, "phi_mean": -11.520062173238776, "phi_std": 5.121159133230275}}, "5": {"HIP-FCI (1)": {"biomarker": "HIP-FCI (1)", "theta_mean": -7.91874535854796, "theta_std": 7.182674327838698, "phi_mean": 0.5298436685752566, "phi_std": 5.488563900301531}, "PCC-FCI (2)": {"biomarker": "PCC-FCI (2)", "theta_mean": 6.192678616738538, "theta_std": 4.2198361591786115, "phi_mean": 12.06025466492748, "phi_std": 3.2804228665676125}, "HIP-GMI (3)": {"biomarker": "HIP-GMI (3)", "theta_mean": 0.3432824557570987, "theta_std": 0.29532966656236276, "phi_mean": 0.39397517484973543, "phi_std": 0.27550457135563966}, "FUS-GMI (4)": {"biomarker": "FUS-GMI (4)", "theta_mean": 0.5500501533621563, "theta_std": 0.09093104317480322, "phi_mean": 0.5670572368009464, "phi_std": 0.07784083247831541}, "FUS-FCI (5)": {"biomarker": "FUS-FCI (5)", "theta_mean": -14.249732519127866, "theta_std": 7.3461975684180505, "phi_mean": -11.175505346966451, "phi_std": 4.463470663067621}}}