iteration,all_current_accepted_likelihoods
1,-406.65590789829724
2,-406.65590789829724
3,-347.1455284135107
4,-324.8623702992677
5,-324.8623702992677
6,-323.94514390492685
