{"0": {"HIP-FCI (1)": {"biomarker": "HIP-FCI (1)", "theta_mean": -7.030361988070261, "theta_std": 6.878657646664087, "phi_mean": 1.6984799188306954, "phi_std": 4.61392961162798}, "PCC-FCI (2)": {"biomarker": "PCC-FCI (2)", "theta_mean": 4.728524937729427, "theta_std": 3.298795693678403, "phi_mean": 10.470864431337063, "phi_std": 3.896839595584745}, "HIP-GMI (3)": {"biomarker": "HIP-GMI (3)", "theta_mean": 0.32571802819777024, "theta_std": 0.29005261485558426, "phi_mean": 0.45191048239470866, "phi_std": 0.26418874724975566}, "FUS-GMI (4)": {"biomarker": "FUS-GMI (4)", "theta_mean": 0.49963998923198993, "theta_std": 0.04740731141923217, "phi_mean": 0.5989510107342143, "phi_std": 0.060272233743172185}, "FUS-FCI (5)": {"biomarker": "FUS-FCI (5)", "theta_mean": -23.333198154733154, "theta_std": 3.948436530775333, "phi_mean": -8.928365033228, "phi_std": 2.9763762028249174}}, "1": {"HIP-FCI (1)": {"biomarker": "HIP-FCI (1)", "theta_mean": -5.520634639724087, "theta_std": 6.591156985835009, "phi_mean": 4.576933504416991, "phi_std": 1.8047618847027607}, "PCC-FCI (2)": {"biomarker": "PCC-FCI (2)", "theta_mean": 4.104442133620581, "theta_std": 3.0333633518269756, "phi_mean": 9.950633407953388, "phi_std": 3.81078603131435}, "HIP-GMI (3)": {"biomarker": "HIP-GMI (3)", "theta_mean": 0.32571802819777024, "theta_std": 0.29005261485558426, "phi_mean": 0.45191048239470866, "phi_std": 0.26418874724975566}, "FUS-GMI (4)": {"biomarker": "FUS-GMI (4)", "theta_mean": 0.49757397770580986, "theta_std": 0.04427557638760089, "phi_mean": 0.6030247445962531, "phi_std": 0.05738968380969182}, "FUS-FCI (5)": {"biomarker": "FUS-FCI (5)", "theta_mean": -23.333198154733154, "theta_std": 3.948436530775333, "phi_mean": -8.928365033228, "phi_std": 2.9763762028249174}}, "2": {"HIP-FCI (1)": {"biomarker": "HIP-FCI (1)", "theta_mean": -5.358499340578441, "theta_std": 6.569373304301852, "phi_mean": 4.881269031195409, "phi_std": 1.4493165435237712}, "PCC-FCI (2)": {"biomarker": "PCC-FCI (2)", "theta_mean": 4.032766720093284, "theta_std": 2.8243791260537394, "phi_mean": 10.288956340108596, "phi_std": 3.6878460709806085}, "HIP-GMI (3)": {"biomarker": "HIP-GMI (3)", "theta_mean": 0.32571802819777024, "theta_std": 0.29005261485558426, "phi_mean": 0.45191048239470866, "phi_std": 0.26418874724975566}, "FUS-GMI (4)": {"biomarker": "FUS-GMI (4)", "theta_mean": 0.49757397770580986, "theta_std": 0.04427557638760089, "phi_mean": 0.6030247445962531, "phi_std": 0.05738968380969182}, "FUS-FCI (5)": {"biomarker": "FUS-FCI (5)", "theta_mean": -23.333198154733154, "theta_std": 3.948436530775333, "phi_mean": -8.928365033228, "phi_std": 2.9763762028249174}}, "3": {"HIP-FCI (1)": {"biomarker": "HIP-FCI (1)", "theta_mean": -7.717724373974545, "theta_std": 5.625299109479373, "phi_mean": 3.643928185792371, "phi_std": 2.8154379586204175}, "PCC-FCI (2)": {"biomarker": "PCC-FCI (2)", "theta_mean": 5.618281216315354, "theta_std": 4.051897497893945, "phi_mean": 8.555401054917567, "phi_std": 4.514237931168102}, "HIP-GMI (3)": {"biomarker": "HIP-GMI (3)", "theta_mean": 0.32571802819777024, "theta_std": 0.29005261485558426, "phi_mean": 0.45191048239470866, "phi_std": 0.26418874724975566}, "FUS-GMI (4)": {"biomarker": "FUS-GMI (4)", "theta_mean": 0.5483617258725488, "theta_std": 0.06890257634722965, "phi_mean": 0.5892525040920134, "phi_std": 0.07157460189280213}, "FUS-FCI (5)": {"biomarker": "FUS-FCI (5)", "theta_mean": -11.614960276750379, "theta_std": 6.864727960889168, "phi_mean": -9.437652847337286, "phi_std": 3.022896728414086}}, "4": {"HIP-FCI (1)": {"biomarker": "HIP-FCI (1)", "theta_mean": -6.797173241416461, "theta_std": 5.874741157066179, "phi_mean": 4.533903192622216, "phi_std": 1.7411569792303636}, "PCC-FCI (2)": {"biomarker": "PCC-FCI (2)", "theta_mean": 4.891644141695661, "theta_std": 3.5302091904431627, "phi_mean": 9.097831232538718, "phi_std": 4.422888155374419}, "HIP-GMI (3)": {"biomarker": "HIP-GMI (3)", "theta_mean": 0.32571802819777024, "theta_std": 0.29005261485558426, "phi_mean": 0.45191048239470866, "phi_std": 0.26418874724975566}, "FUS-GMI (4)": {"biomarker": "FUS-GMI (4)", "theta_mean": 0.5163338563726169, "theta_std": 0.047301240720111784, "phi_mean": 0.593360564676989, "phi_std": 0.0701022996206585}, "FUS-FCI (5)": {"biomarker": "FUS-FCI (5)", "theta_mean": -23.333198154733154, "theta_std": 3.948436530775333, "phi_mean": -8.928365033228, "phi_std": 2.9763762028249174}}, "5": {"HIP-FCI (1)": {"biomarker": "HIP-FCI (1)", "theta_mean": -6.797173241416461, "theta_std": 5.874741157066179, "phi_mean": 4.533903192622216, "phi_std": 1.7411569792303636}, "PCC-FCI (2)": {"biomarker": "PCC-FCI (2)", "theta_mean": 0.566794986776592, "theta_std": 1.7226477036299415, "phi_mean": 7.615482718469634, "phi_std": 4.152346229243118}, "HIP-GMI (3)": {"biomarker": "HIP-GMI (3)", "theta_mean": 0.32571802819777024, "theta_std": 0.29005261485558426, "phi_mean": 0.45191048239470866, "phi_std": 0.26418874724975566}, "FUS-GMI (4)": {"biomarker": "FUS-GMI (4)", "theta_mean": 0.504621005289325, "theta_std": 0.05580757468089533, "phi_mean": 0.5773541198988337, "phi_std": 0.07040259576244884}, "FUS-FCI (5)": {"biomarker": "FUS-FCI (5)", "theta_mean": -22.02257600074805, "theta_std": 4.865117592281107, "phi_mean": -8.806726008958014, "phi_std": 2.9006564710956826}}}