{"0": {"HIP-FCI (1)": {"biomarker": "HIP-FCI (1)", "theta_mean": -7.1824240541431665, "theta_std": 6.864045798415013, "phi_mean": 1.838844902897993, "phi_std": 4.356858052710391}, "PCC-FCI (2)": {"biomarker": "PCC-FCI (2)", "theta_mean": 2.6983238576862916, "theta_std": 2.5285842721726444, "phi_mean": 9.080581566192407, "phi_std": 3.6869319842157013}, "HIP-GMI (3)": {"biomarker": "HIP-GMI (3)", "theta_mean": 0.32571802819777024, "theta_std": 0.29005261485558426, "phi_mean": 0.45191048239470866, "phi_std": 0.26418874724975566}, "FUS-GMI (4)": {"biomarker": "FUS-GMI (4)", "theta_mean": 0.5286790503425405, "theta_std": 0.05625752036853465, "phi_mean": 0.6249101341199454, "phi_std": 0.055093609402586306}, "FUS-FCI (5)": {"biomarker": "FUS-FCI (5)", "theta_mean": -23.333198154733154, "theta_std": 3.948436530775333, "phi_mean": -8.928365033228, "phi_std": 2.9763762028249174}}, "1": {"HIP-FCI (1)": {"biomarker": "HIP-FCI (1)", "theta_mean": -9.96325688169921, "theta_std": 8.131466656288598, "phi_mean": -0.3839072852665865, "phi_std": 5.37158041018742}, "PCC-FCI (2)": {"biomarker": "PCC-FCI (2)", "theta_mean": 1.984876516421345, "theta_std": 2.8266111806664207, "phi_mean": 7.848849646039182, "phi_std": 4.138413696183357}, "HIP-GMI (3)": {"biomarker": "HIP-GMI (3)", "theta_mean": 0.32571802819777024, "theta_std": 0.29005261485558426, "phi_mean": 0.45191048239470866, "phi_std": 0.26418874724975566}, "FUS-GMI (4)": {"biomarker": "FUS-GMI (4)", "theta_mean": 0.47604570492051757, "theta_std": 0.03859937863038009, "phi_mean": 0.577296570401612, "phi_std": 0.06883087996015061}, "FUS-FCI (5)": {"biomarker": "FUS-FCI (5)", "theta_mean": -16.89141799890606, "theta_std": 7.357036229581447, "phi_mean": -8.688164063251532, "phi_std": 2.882329468961826}}, "2": {"HIP-FCI (1)": {"biomarker": "HIP-FCI (1)", "theta_mean": -6.09117339193571, "theta_std": 7.049345076081783, "phi_mean": 2.479800882954639, "phi_std": 3.8053659450489055}, "PCC-FCI (2)": {"biomarker": "PCC-FCI (2)", "theta_mean": 2.254824363539332, "theta_std": 2.9075737061483404, "phi_mean": 8.074561340740576, "phi_std": 4.058355817877163}, "HIP-GMI (3)": {"biomarker": "HIP-GMI (3)", "theta_mean": 0.32571802819777024, "theta_std": 0.29005261485558426, "phi_mean": 0.45191048239470866, "phi_std": 0.26418874724975566}, "FUS-GMI (4)": {"biomarker": "FUS-GMI (4)", "theta_mean": 0.49587617493005853, "theta_std": 0.04335551822387286, "phi_mean": 0.6038993702686098, "phi_std": 0.05611060910027383}, "FUS-FCI (5)": {"biomarker": "FUS-FCI (5)", "theta_mean": -23.333198154733154, "theta_std": 3.948436530775333, "phi_mean": -8.928365033228, "phi_std": 2.9763762028249174}}, "3": {"HIP-FCI (1)": {"biomarker": "HIP-FCI (1)", "theta_mean": -4.893173738039848, "theta_std": 6.7035261140737115, "phi_mean": 5.114366018452169, "phi_std": 1.257387238054577}, "PCC-FCI (2)": {"biomarker": "PCC-FCI (2)", "theta_mean": 2.1730663932093863, "theta_std": 2.648762836860433, "phi_mean": 8.246845306146492, "phi_std": 3.989107809001779}, "HIP-GMI (3)": {"biomarker": "HIP-GMI (3)", "theta_mean": 0.2778637357635822, "theta_std": 0.2828303827450328, "phi_mean": 0.4834965816621433, "phi_std": 0.25150497598569405}, "FUS-GMI (4)": {"biomarker": "FUS-GMI (4)", "theta_mean": 0.5042610986948632, "theta_std": 0.04323132460014248, "phi_mean": 0.612727280002862, "phi_std": 0.05389450155618264}, "FUS-FCI (5)": {"biomarker": "FUS-FCI (5)", "theta_mean": -23.333198154733154, "theta_std": 3.948436530775333, "phi_mean": -8.928365033228, "phi_std": 2.9763762028249174}}, "4": {"HIP-FCI (1)": {"biomarker": "HIP-FCI (1)", "theta_mean": -6.516732276820921, "theta_std": 5.989334403453765, "phi_mean": 4.664845724121182, "phi_std": 1.6953696938392897}, "PCC-FCI (2)": {"biomarker": "PCC-FCI (2)", "theta_mean": 5.925154014955309, "theta_std": 4.011230330641029, "phi_mean": 10.031237058059553, "phi_std": 4.556345112068683}, "HIP-GMI (3)": {"biomarker": "HIP-GMI (3)", "theta_mean": 0.3191209732194591, "theta_std": 0.29645923829679055, "phi_mean": 0.4508468445965176, "phi_std": 0.24507488114127304}, "FUS-GMI (4)": {"biomarker": "FUS-GMI (4)", "theta_mean": 0.5484956685273156, "theta_std": 0.0735543120448549, "phi_mean": 0.6107483862812723, "phi_std": 0.04948294916779188}, "FUS-FCI (5)": {"biomarker": "FUS-FCI (5)", "theta_mean": -23.333198154733154, "theta_std": 3.948436530775333, "phi_mean": -8.928365033228, "phi_std": 2.9763762028249174}}, "5": {"HIP-FCI (1)": {"biomarker": "HIP-FCI (1)", "theta_mean": -4.893173738039848, "theta_std": 6.7035261140737115, "phi_mean": 5.114366018452169, "phi_std": 1.257387238054577}, "PCC-FCI (2)": {"biomarker": "PCC-FCI (2)", "theta_mean": 2.878664843645657, "theta_std": 2.637809234876712, "phi_mean": 8.638592131723758, "phi_std": 4.005631985099133}, "HIP-GMI (3)": {"biomarker": "HIP-GMI (3)", "theta_mean": 0.32571802819777024, "theta_std": 0.29005261485558426, "phi_mean": 0.45191048239470866, "phi_std": 0.26418874724975566}, "FUS-GMI (4)": {"biomarker": "FUS-GMI (4)", "theta_mean": 0.5263983283722198, "theta_std": 0.061121794925477375, "phi_mean": 0.6190645908296806, "phi_std": 0.050624140363250886}, "FUS-FCI (5)": {"biomarker": "FUS-FCI (5)", "theta_mean": -23.333198154733154, "theta_std": 3.948436530775333, "phi_mean": -8.928365033228, "phi_std": 2.9763762028249174}}}