iteration,all_current_acceptance_ratios
1,100.0
2,50.0
3,33.333333333333336
4,50.0
5,60.0
6,66.66666666666667
