iteration,all_current_accepted_likelihoods
1,-400.14480482116556
2,-400.14480482116556
3,-400.14480482116556
4,-400.14480482116556
5,-395.3942415517954
6,-395.3942415517954
