{"HIP-FCI (1)": {"biomarker": "HIP-FCI (1)", "theta_mean": -7.3905750129036605, "theta_std": 3.8459355817264846, "phi_mean": 4.494570337186422, "phi_std": 2.2557451313575325}, "PCC-FCI (2)": {"biomarker": "PCC-FCI (2)", "theta_mean": 4.307191966840219, "theta_std": 2.8947531976650507, "phi_mean": 12.639527966936456, "phi_std": 3.0217693131498917}, "HIP-GMI (3)": {"biomarker": "HIP-GMI (3)", "theta_mean": 0.16031301605987663, "theta_std": 0.17300678490484478, "phi_mean": 0.5762170381454008, "phi_std": 0.164609338149315}, "FUS-GMI (4)": {"biomarker": "FUS-GMI (4)", "theta_mean": 0.5146149589594168, "theta_std": 0.05553659135694529, "phi_mean": 0.6464544299095818, "phi_std": 0.04154223471219481}, "FUS-FCI (5)": {"biomarker": "FUS-FCI (5)", "theta_mean": -15.312726482231312, "theta_std": 3.994876998943954, "phi_mean": -8.24560450376029, "phi_std": 1.8032094529505676}}