iteration,all_current_acceptance_ratios
1,100.0
2,50.0
3,66.66666666666667
4,75.0
5,80.0
6,83.33333333333333
