iteration,all_current_accepted_likelihoods
1,-4039.436339947055
2,-4039.436339947055
3,-3912.0138336301407
4,-3628.7899865671134
5,-3566.6730242852855
6,-3557.9183606883316
