{"0": {"HIP-FCI (1)": {"biomarker": "HIP-FCI (1)", "theta_mean": -6.634200839591739, "theta_std": 5.91975157941865, "phi_mean": 3.796032520726617, "phi_std": 3.6016744435251455}, "PCC-FCI (2)": {"biomarker": "PCC-FCI (2)", "theta_mean": 5.472877854033456, "theta_std": 3.521414507210668, "phi_mean": 11.932290910154014, "phi_std": 3.6988918919366345}, "HIP-GMI (3)": {"biomarker": "HIP-GMI (3)", "theta_mean": 0.3294098129098385, "theta_std": 0.312180294356327, "phi_mean": 0.40751318367425304, "phi_std": 0.23507217085732507}, "FUS-GMI (4)": {"biomarker": "FUS-GMI (4)", "theta_mean": 0.4938397954214214, "theta_std": 0.054096150969621816, "phi_mean": 0.6114262563982191, "phi_std": 0.06005916150127248}, "FUS-FCI (5)": {"biomarker": "FUS-FCI (5)", "theta_mean": -20.32368607145771, "theta_std": 3.9496624704072203, "phi_mean": -9.537884425251919, "phi_std": 3.4949155336195354}}, "1": {"HIP-FCI (1)": {"biomarker": "HIP-FCI (1)", "theta_mean": -6.586247189473994, "theta_std": 5.837182556277719, "phi_mean": 4.105946707512531, "phi_std": 3.2606628118599317}, "PCC-FCI (2)": {"biomarker": "PCC-FCI (2)", "theta_mean": 5.686957490500206, "theta_std": 3.7210959949499594, "phi_mean": 11.87772695375893, "phi_std": 3.7250525928350435}, "HIP-GMI (3)": {"biomarker": "HIP-GMI (3)", "theta_mean": -0.02158132921530105, "theta_std": 0.44061688368286966, "phi_mean": 0.3919420913385418, "phi_std": 0.24073315622637528}, "FUS-GMI (4)": {"biomarker": "FUS-GMI (4)", "theta_mean": 0.4892805884288489, "theta_std": 0.05184351835476077, "phi_mean": 0.6115379239766422, "phi_std": 0.05854837438904559}, "FUS-FCI (5)": {"biomarker": "FUS-FCI (5)", "theta_mean": -11.89621639533234, "theta_std": 5.716958640962444, "phi_mean": -9.797233634430595, "phi_std": 3.9323405241191542}}, "2": {"HIP-FCI (1)": {"biomarker": "HIP-FCI (1)", "theta_mean": -8.884879791188542, "theta_std": 4.435265944862586, "phi_mean": 2.7647759595385417, "phi_std": 4.422942507975636}, "PCC-FCI (2)": {"biomarker": "PCC-FCI (2)", "theta_mean": 5.5882480153948775, "theta_std": 3.588459128345866, "phi_mean": 12.01009997006702, "phi_std": 3.7120872054383907}, "HIP-GMI (3)": {"biomarker": "HIP-GMI (3)", "theta_mean": 0.3294098129098385, "theta_std": 0.312180294356327, "phi_mean": 0.40751318367425304, "phi_std": 0.23507217085732507}, "FUS-GMI (4)": {"biomarker": "FUS-GMI (4)", "theta_mean": 0.5219755010762716, "theta_std": 0.07056036547710733, "phi_mean": 0.6147115673296111, "phi_std": 0.061416829698030605}, "FUS-FCI (5)": {"biomarker": "FUS-FCI (5)", "theta_mean": -12.868867059801294, "theta_std": 6.232426494643204, "phi_mean": -9.655570161315474, "phi_std": 3.5561081192072534}}, "3": {"HIP-FCI (1)": {"biomarker": "HIP-FCI (1)", "theta_mean": -9.914744647229606, "theta_std": 3.912465826932374, "phi_mean": 2.2619718512636884, "phi_std": 4.575262429691214}, "PCC-FCI (2)": {"biomarker": "PCC-FCI (2)", "theta_mean": 4.741023349510916, "theta_std": 3.2819562819682946, "phi_mean": 10.968957451182689, "phi_std": 3.8019438287719813}, "HIP-GMI (3)": {"biomarker": "HIP-GMI (3)", "theta_mean": 0.3294098129098385, "theta_std": 0.312180294356327, "phi_mean": 0.40751318367425304, "phi_std": 0.23507217085732507}, "FUS-GMI (4)": {"biomarker": "FUS-GMI (4)", "theta_mean": 0.5465117954249163, "theta_std": 0.07559009138944521, "phi_mean": 0.6218717869313392, "phi_std": 0.06479082802099997}, "FUS-FCI (5)": {"biomarker": "FUS-FCI (5)", "theta_mean": -12.51927243816769, "theta_std": 6.122558124390691, "phi_mean": -9.706032896352035, "phi_std": 3.5360448726425364}}, "4": {"HIP-FCI (1)": {"biomarker": "HIP-FCI (1)", "theta_mean": -10.683130700702364, "theta_std": 3.6074246093769946, "phi_mean": 1.8184608362532952, "phi_std": 4.770282077380836}, "PCC-FCI (2)": {"biomarker": "PCC-FCI (2)", "theta_mean": 4.463660738337709, "theta_std": 3.2091972790497234, "phi_mean": 10.722676294542932, "phi_std": 3.78593691514997}, "HIP-GMI (3)": {"biomarker": "HIP-GMI (3)", "theta_mean": 0.3294098129098385, "theta_std": 0.312180294356327, "phi_mean": 0.40751318367425304, "phi_std": 0.23507217085732507}, "FUS-GMI (4)": {"biomarker": "FUS-GMI (4)", "theta_mean": 0.5501664371335846, "theta_std": 0.07698455183450117, "phi_mean": 0.6195715837609297, "phi_std": 0.066017142696155}, "FUS-FCI (5)": {"biomarker": "FUS-FCI (5)", "theta_mean": -12.617396766786193, "theta_std": 6.121500481185136, "phi_mean": -9.607913526014958, "phi_std": 3.491987970097387}}, "5": {"HIP-FCI (1)": {"biomarker": "HIP-FCI (1)", "theta_mean": -11.035371732725906, "theta_std": 3.511603981524941, "phi_mean": 1.5367641760359776, "phi_std": 4.9528592380076315}, "PCC-FCI (2)": {"biomarker": "PCC-FCI (2)", "theta_mean": 4.32275561426129, "theta_std": 3.1982673239460997, "phi_mean": 10.517690365434188, "phi_std": 3.8266875428421305}, "HIP-GMI (3)": {"biomarker": "HIP-GMI (3)", "theta_mean": 0.3294098129098385, "theta_std": 0.312180294356327, "phi_mean": 0.40751318367425304, "phi_std": 0.23507217085732507}, "FUS-GMI (4)": {"biomarker": "FUS-GMI (4)", "theta_mean": 0.5501664371335846, "theta_std": 0.07698455183450117, "phi_mean": 0.6195715837609297, "phi_std": 0.066017142696155}, "FUS-FCI (5)": {"biomarker": "FUS-FCI (5)", "theta_mean": -12.699380448536086, "theta_std": 6.187434336189168, "phi_mean": -9.62551530170927, "phi_std": 3.4495817316255017}}}