iteration,all_current_accepted_likelihoods
1,-2792.017303055286
2,-2768.4253809853217
3,-2759.719481853584
4,-2751.514125107884
5,-2737.0417558523554
6,-2733.1677494199953
