{"0": {"FCI(HIP)-1": {"biomarker": "FCI(HIP)-1", "theta_mean": -2.583364847714686, "theta_std": 5.1000767945617635, "phi_mean": -2.4999365188954505, "phi_std": 5.11455497489886}, "GMI(HIP)-3": {"biomarker": "GMI(HIP)-3", "theta_mean": 0.41711250559972923, "theta_std": 0.08452771658239443, "phi_mean": 0.450993053279466, "phi_std": 0.07049649676899945}, "FCI(Fusi)-5": {"biomarker": "FCI(Fusi)-5", "theta_mean": -13.064479287945089, "theta_std": 5.65814244487822, "phi_mean": -13.19701016696843, "phi_std": 5.225357916319689}, "FCI(PCC)-2": {"biomarker": "FCI(PCC)-2", "theta_mean": 3.590616626815696, "theta_std": 5.340322828047721, "phi_mean": 5.100951689458639, "phi_std": 5.6290338557086095}, "GMI(FUS)-4": {"biomarker": "GMI(FUS)-4", "theta_mean": 0.5280695409620542, "theta_std": 0.05978985155482598, "phi_mean": 0.5671884424536634, "phi_std": 0.054399723519804766}}, "1": {"FCI(HIP)-1": {"biomarker": "FCI(HIP)-1", "theta_mean": -2.826050089335513, "theta_std": 4.57088912377643, "phi_mean": -2.395209923388884, "phi_std": 5.309284218459831}, "GMI(HIP)-3": {"biomarker": "GMI(HIP)-3", "theta_mean": 0.4078776688100597, "theta_std": 0.08686911665930161, "phi_mean": 0.46398343564509753, "phi_std": 0.05718609222267128}, "FCI(Fusi)-5": {"biomarker": "FCI(Fusi)-5", "theta_mean": -13.177869722524232, "theta_std": 5.831279698119975, "phi_mean": -13.122630509642272, "phi_std": 5.041129656394796}, "FCI(PCC)-2": {"biomarker": "FCI(PCC)-2", "theta_mean": 3.7443076314721346, "theta_std": 5.207241587424174, "phi_mean": 5.119650782444952, "phi_std": 5.655565839553267}, "GMI(FUS)-4": {"biomarker": "GMI(FUS)-4", "theta_mean": 0.5280695409620542, "theta_std": 0.05978985155482598, "phi_mean": 0.5671884424536634, "phi_std": 0.054399723519804766}}, "2": {"FCI(HIP)-1": {"biomarker": "FCI(HIP)-1", "theta_mean": -2.4743850504492446, "theta_std": 4.306278971324074, "phi_mean": -2.5357331935261147, "phi_std": 5.375886223053297}, "GMI(HIP)-3": {"biomarker": "GMI(HIP)-3", "theta_mean": 0.3992631919381559, "theta_std": 0.08666445093456251, "phi_mean": 0.4696348423154167, "phi_std": 0.05135580080387622}, "FCI(Fusi)-5": {"biomarker": "FCI(Fusi)-5", "theta_mean": -12.010210310382165, "theta_std": 3.634800237894279, "phi_mean": -13.301316061290516, "phi_std": 5.5745402316494586}, "FCI(PCC)-2": {"biomarker": "FCI(PCC)-2", "theta_mean": 4.151703728747767, "theta_std": 5.7302871789440815, "phi_mean": 5.416371107066228, "phi_std": 5.495358395812566}, "GMI(FUS)-4": {"biomarker": "GMI(FUS)-4", "theta_mean": 0.5280695409620542, "theta_std": 0.05978985155482598, "phi_mean": 0.5671884424536634, "phi_std": 0.054399723519804766}}, "3": {"FCI(HIP)-1": {"biomarker": "FCI(HIP)-1", "theta_mean": -2.4817852007700387, "theta_std": 4.1816907213976995, "phi_mean": -2.5337335254396716, "phi_std": 5.426879019365587}, "GMI(HIP)-3": {"biomarker": "GMI(HIP)-3", "theta_mean": 0.4011424855488997, "theta_std": 0.08472797393006788, "phi_mean": 0.47365014598174643, "phi_std": 0.04984661264555124}, "FCI(Fusi)-5": {"biomarker": "FCI(Fusi)-5", "theta_mean": -11.46912485112508, "theta_std": 3.310963629096033, "phi_mean": -13.397008207511785, "phi_std": 5.597854339954482}, "FCI(PCC)-2": {"biomarker": "FCI(PCC)-2", "theta_mean": 4.456978388224302, "theta_std": 5.871586967470512, "phi_mean": 6.038278337878499, "phi_std": 4.81987176407687}, "GMI(FUS)-4": {"biomarker": "GMI(FUS)-4", "theta_mean": 0.5249378979220796, "theta_std": 0.06218906275904337, "phi_mean": 0.550975875329678, "phi_std": 0.05756505460593259}}, "4": {"FCI(HIP)-1": {"biomarker": "FCI(HIP)-1", "theta_mean": -2.564338376570264, "theta_std": 4.2854542062148555, "phi_mean": -2.501947122569225, "phi_std": 5.3955916147849265}, "GMI(HIP)-3": {"biomarker": "GMI(HIP)-3", "theta_mean": 0.4024815696229479, "theta_std": 0.08542577458518034, "phi_mean": 0.4738883095185787, "phi_std": 0.047995346415285786}, "FCI(Fusi)-5": {"biomarker": "FCI(Fusi)-5", "theta_mean": -12.075432478192438, "theta_std": 3.2630137984570835, "phi_mean": -13.3324170943768, "phi_std": 5.663978038425563}, "FCI(PCC)-2": {"biomarker": "FCI(PCC)-2", "theta_mean": 4.456978388224302, "theta_std": 5.871586967470512, "phi_mean": 6.038278337878499, "phi_std": 4.81987176407687}, "GMI(FUS)-4": {"biomarker": "GMI(FUS)-4", "theta_mean": 0.5149689192776513, "theta_std": 0.06441130282615333, "phi_mean": 0.5592639820706464, "phi_std": 0.050245103299076804}}, "5": {"FCI(HIP)-1": {"biomarker": "FCI(HIP)-1", "theta_mean": -3.082570935800324, "theta_std": 4.112613101379414, "phi_mean": -2.3109558061855147, "phi_std": 5.419575064270109}, "GMI(HIP)-3": {"biomarker": "GMI(HIP)-3", "theta_mean": 0.39383033454658145, "theta_std": 0.08230086944708934, "phi_mean": 0.4766068308853635, "phi_std": 0.04899271592409618}, "FCI(Fusi)-5": {"biomarker": "FCI(Fusi)-5", "theta_mean": -13.176631078634488, "theta_std": 5.526557100177503, "phi_mean": -13.077782361467904, "phi_std": 5.083940139523688}, "FCI(PCC)-2": {"biomarker": "FCI(PCC)-2", "theta_mean": 2.945671265700187, "theta_std": 5.105650182165103, "phi_mean": 5.28743758860899, "phi_std": 5.631131751068298}, "GMI(FUS)-4": {"biomarker": "GMI(FUS)-4", "theta_mean": 0.5041156887488334, "theta_std": 0.06151566923127556, "phi_mean": 0.5635929007846832, "phi_std": 0.04757008697666736}}}