iteration,all_current_accepted_likelihoods
1,-3524.7245450533746
2,-3474.9146945892294
3,-3442.1214200522095
4,-3427.9643310357014
5,-3427.9643310357014
6,-3427.9643310357014
