{"0": {"HIP-FCI (1)": {"biomarker": "HIP-FCI (1)", "theta_mean": -5.16650257916675, "theta_std": 5.892014145254589, "phi_mean": 0.4348714615469974, "phi_std": 6.577101402022086}, "PCC-FCI (2)": {"biomarker": "PCC-FCI (2)", "theta_mean": 6.336207851717324, "theta_std": 4.424005259968913, "phi_mean": 12.688880468977239, "phi_std": 3.8819259706638536}, "HIP-GMI (3)": {"biomarker": "HIP-GMI (3)", "theta_mean": 0.34726510446589987, "theta_std": 0.29362796226057186, "phi_mean": 0.38578566760255073, "phi_std": 0.27206587820438877}, "FUS-GMI (4)": {"biomarker": "FUS-GMI (4)", "theta_mean": 0.5567279471525626, "theta_std": 0.0759469892530296, "phi_mean": 0.5852110998729206, "phi_std": 0.07083951139619388}, "FUS-FCI (5)": {"biomarker": "FUS-FCI (5)", "theta_mean": -11.302383038637059, "theta_std": 5.475834018612908, "phi_mean": -10.157227687544824, "phi_std": 3.6999046430794365}}, "1": {"HIP-FCI (1)": {"biomarker": "HIP-FCI (1)", "theta_mean": -8.214764383242475, "theta_std": 6.178114618973841, "phi_mean": 1.1652664308018437, "phi_std": 5.8663098361707355}, "PCC-FCI (2)": {"biomarker": "PCC-FCI (2)", "theta_mean": 6.336207851717324, "theta_std": 4.424005259968913, "phi_mean": 12.688880468977239, "phi_std": 3.8819259706638536}, "HIP-GMI (3)": {"biomarker": "HIP-GMI (3)", "theta_mean": 0.3279945995123535, "theta_std": 0.2963794203398666, "phi_mean": 0.39372551219328134, "phi_std": 0.2686772905064112}, "FUS-GMI (4)": {"biomarker": "FUS-GMI (4)", "theta_mean": 0.5509044468362922, "theta_std": 0.07718008794510892, "phi_mean": 0.5952442288000315, "phi_std": 0.06483938699331619}, "FUS-FCI (5)": {"biomarker": "FUS-FCI (5)", "theta_mean": -11.99127877661337, "theta_std": 5.55382813429233, "phi_mean": -9.9080347794023, "phi_std": 3.6941920454868287}}, "2": {"HIP-FCI (1)": {"biomarker": "HIP-FCI (1)", "theta_mean": -9.684912652440147, "theta_std": 6.047313009176509, "phi_mean": 1.762885622213853, "phi_std": 5.054740760173868}, "PCC-FCI (2)": {"biomarker": "PCC-FCI (2)", "theta_mean": 6.336207851717324, "theta_std": 4.424005259968913, "phi_mean": 12.688880468977239, "phi_std": 3.8819259706638536}, "HIP-GMI (3)": {"biomarker": "HIP-GMI (3)", "theta_mean": 0.3240712829577577, "theta_std": 0.3121457924799095, "phi_mean": 0.39826121704767914, "phi_std": 0.2597130820230831}, "FUS-GMI (4)": {"biomarker": "FUS-GMI (4)", "theta_mean": 0.5477211540499877, "theta_std": 0.07591072655128048, "phi_mean": 0.5969556576488311, "phi_std": 0.06459221259380864}, "FUS-FCI (5)": {"biomarker": "FUS-FCI (5)", "theta_mean": -12.321418403841783, "theta_std": 6.052775916202597, "phi_mean": -9.773079932964945, "phi_std": 3.219551518728189}}, "3": {"HIP-FCI (1)": {"biomarker": "HIP-FCI (1)", "theta_mean": -10.412579216231562, "theta_std": 5.291006468915514, "phi_mean": 2.1432863773833617, "phi_std": 4.557905643453388}, "PCC-FCI (2)": {"biomarker": "PCC-FCI (2)", "theta_mean": 6.336207851717324, "theta_std": 4.424005259968913, "phi_mean": 12.688880468977239, "phi_std": 3.8819259706638536}, "HIP-GMI (3)": {"biomarker": "HIP-GMI (3)", "theta_mean": 0.35295597554467345, "theta_std": 0.3049456524607598, "phi_mean": 0.38718701019119534, "phi_std": 0.2654794617243478}, "FUS-GMI (4)": {"biomarker": "FUS-GMI (4)", "theta_mean": 0.5478478772040324, "theta_std": 0.0758849412498865, "phi_mean": 0.5975367224265936, "phi_std": 0.06425474657321217}, "FUS-FCI (5)": {"biomarker": "FUS-FCI (5)", "theta_mean": -12.476317411160277, "theta_std": 6.0851129995205335, "phi_mean": -9.738774813661037, "phi_std": 3.2072157694695056}}, "4": {"HIP-FCI (1)": {"biomarker": "HIP-FCI (1)", "theta_mean": -10.299286432542218, "theta_std": 4.628715741471054, "phi_mean": 2.621762598169331, "phi_std": 4.045518192817195}, "PCC-FCI (2)": {"biomarker": "PCC-FCI (2)", "theta_mean": 6.3212470566916705, "theta_std": 4.353315567682916, "phi_mean": 11.11298444956796, "phi_std": 4.897225819245953}, "HIP-GMI (3)": {"biomarker": "HIP-GMI (3)", "theta_mean": 0.32016962479034955, "theta_std": 0.2984043803375582, "phi_mean": 0.3997189794398976, "phi_std": 0.2652570087915693}, "FUS-GMI (4)": {"biomarker": "FUS-GMI (4)", "theta_mean": 0.5476858660171404, "theta_std": 0.07702008555182686, "phi_mean": 0.5969795777247879, "phi_std": 0.0636772915942562}, "FUS-FCI (5)": {"biomarker": "FUS-FCI (5)", "theta_mean": -11.40574100550366, "theta_std": 5.37528231239759, "phi_mean": -9.801935543437933, "phi_std": 3.245471584341959}}, "5": {"HIP-FCI (1)": {"biomarker": "HIP-FCI (1)", "theta_mean": -10.051920489672383, "theta_std": 4.397490674751715, "phi_mean": 2.951033546087784, "phi_std": 3.6660502063794533}, "PCC-FCI (2)": {"biomarker": "PCC-FCI (2)", "theta_mean": 6.113304960191237, "theta_std": 4.042218708394079, "phi_mean": 11.156686562796642, "phi_std": 4.946935937199997}, "HIP-GMI (3)": {"biomarker": "HIP-GMI (3)", "theta_mean": 0.3572774237504796, "theta_std": 0.3012604567477624, "phi_mean": 0.39888568619996134, "phi_std": 0.24853227397150462}, "FUS-GMI (4)": {"biomarker": "FUS-GMI (4)", "theta_mean": 0.5527070036467471, "theta_std": 0.07765667746925703, "phi_mean": 0.5968336604368761, "phi_std": 0.0633468694062903}, "FUS-FCI (5)": {"biomarker": "FUS-FCI (5)", "theta_mean": -11.592757417216706, "theta_std": 5.464891791596572, "phi_mean": -9.90518208829877, "phi_std": 3.529842802187632}}}