iteration,all_current_accepted_likelihoods
1,-1269.9648750519505
2,-1269.9648750519505
3,-1269.9648750519505
4,-1260.3194895595757
5,-1158.2529322184737
6,-1158.2529322184737
