{"FCI(HIP)-1": {"biomarker": "FCI(HIP)-1", "theta_mean": 2.794917625, "theta_std": 2.98306574670749, "phi_mean": -5.5467342625, "phi_std": 2.8879831330080417}, "GMI(HIP)-3": {"biomarker": "GMI(HIP)-3", "theta_mean": 0.34177775, "theta_std": 0.054570909143271694, "phi_mean": 0.48224531818181815, "phi_std": 0.03770391154730424}, "FCI(Fusi)-5": {"biomarker": "FCI(Fusi)-5", "theta_mean": -19.76701769565217, "theta_std": 4.183856110793558, "phi_mean": -10.216921918367348, "phi_std": 3.0212944958761407}, "FCI(PCC)-2": {"biomarker": "FCI(PCC)-2", "theta_mean": 11.5831335625, "theta_std": 3.358986644655652, "phi_mean": 1.781998375, "phi_std": 3.292063019837533}, "GMI(FUS)-4": {"biomarker": "GMI(FUS)-4", "theta_mean": 0.45710670731707315, "theta_std": 0.04466654633967503, "phi_mean": 0.5691499611650485, "phi_std": 0.035734410895616346}}