iteration,all_current_accepted_likelihoods
1,-345.26006895460137
2,-345.26006895460137
3,-343.62247684130915
4,-338.7588293334751
5,-339.2442573871052
6,-336.60975532738615
