{"0": {"HIP-FCI (1)": {"biomarker": "HIP-FCI (1)", "theta_mean": -6.174934839121041, "theta_std": 8.308199854954756, "phi_mean": -3.968602112363766, "phi_std": 6.513021490868316}, "PCC-FCI (2)": {"biomarker": "PCC-FCI (2)", "theta_mean": 6.23880998852195, "theta_std": 4.323169946621464, "phi_mean": 8.562295101530534, "phi_std": 4.625530325070546}, "HIP-GMI (3)": {"biomarker": "HIP-GMI (3)", "theta_mean": 0.39018446066114104, "theta_std": 0.29775783178031157, "phi_mean": 0.24687878480833134, "phi_std": 0.1619069487275913}, "FUS-GMI (4)": {"biomarker": "FUS-GMI (4)", "theta_mean": 0.5834955526211484, "theta_std": 0.07276152782439953, "phi_mean": 0.5639540274951778, "phi_std": 0.07705176564845521}, "FUS-FCI (5)": {"biomarker": "FUS-FCI (5)", "theta_mean": -11.694844422065191, "theta_std": 7.071537320766198, "phi_mean": -11.676338193288778, "phi_std": 4.812185566969283}}, "1": {"HIP-FCI (1)": {"biomarker": "HIP-FCI (1)", "theta_mean": -6.136595824905383, "theta_std": 7.64796665197742, "phi_mean": -2.587171327695448, "phi_std": 6.671773228247884}, "PCC-FCI (2)": {"biomarker": "PCC-FCI (2)", "theta_mean": 6.388624091024096, "theta_std": 4.697559742304755, "phi_mean": 8.876039688298777, "phi_std": 3.270203889476816}, "HIP-GMI (3)": {"biomarker": "HIP-GMI (3)", "theta_mean": 0.49646829421863203, "theta_std": 0.2661317077058443, "phi_mean": 0.3137192015780684, "phi_std": 0.28250946397179805}, "FUS-GMI (4)": {"biomarker": "FUS-GMI (4)", "theta_mean": 0.5806619677914361, "theta_std": 0.0638517101535133, "phi_mean": 0.5621383631125401, "phi_std": 0.0861914001403705}, "FUS-FCI (5)": {"biomarker": "FUS-FCI (5)", "theta_mean": -11.773886596274778, "theta_std": 5.237539634801265, "phi_mean": -10.824311286701757, "phi_std": 4.569892363644722}}, "2": {"HIP-FCI (1)": {"biomarker": "HIP-FCI (1)", "theta_mean": -6.77753835425239, "theta_std": 6.843989642048749, "phi_mean": -1.447007483908676, "phi_std": 7.688820358243285}, "PCC-FCI (2)": {"biomarker": "PCC-FCI (2)", "theta_mean": 5.634770797952099, "theta_std": 4.4198288661287135, "phi_mean": 8.59178153538943, "phi_std": 4.13727260840251}, "HIP-GMI (3)": {"biomarker": "HIP-GMI (3)", "theta_mean": 0.39018446066114104, "theta_std": 0.29775783178031157, "phi_mean": 0.24687878480833134, "phi_std": 0.1619069487275913}, "FUS-GMI (4)": {"biomarker": "FUS-GMI (4)", "theta_mean": 0.5809935622228006, "theta_std": 0.06465906041013915, "phi_mean": 0.5670194339239603, "phi_std": 0.08077147098620846}, "FUS-FCI (5)": {"biomarker": "FUS-FCI (5)", "theta_mean": -11.842350778137773, "theta_std": 6.3500740056271985, "phi_mean": -11.63283576170149, "phi_std": 4.799692232238433}}, "3": {"HIP-FCI (1)": {"biomarker": "HIP-FCI (1)", "theta_mean": -7.01472950954878, "theta_std": 7.6225757925514666, "phi_mean": -0.9429762789038489, "phi_std": 5.416675112987444}, "PCC-FCI (2)": {"biomarker": "PCC-FCI (2)", "theta_mean": 5.278839053505468, "theta_std": 4.173859749473987, "phi_mean": 7.951446261439431, "phi_std": 4.458465163074361}, "HIP-GMI (3)": {"biomarker": "HIP-GMI (3)", "theta_mean": 0.39018446066114104, "theta_std": 0.29775783178031157, "phi_mean": 0.24687878480833134, "phi_std": 0.1619069487275913}, "FUS-GMI (4)": {"biomarker": "FUS-GMI (4)", "theta_mean": 0.5549328524539755, "theta_std": 0.07413857219846713, "phi_mean": 0.593200545843954, "phi_std": 0.0728031957259185}, "FUS-FCI (5)": {"biomarker": "FUS-FCI (5)", "theta_mean": -13.17442562402125, "theta_std": 7.067472645117146, "phi_mean": -11.394072577945328, "phi_std": 4.690407607532899}}, "4": {"HIP-FCI (1)": {"biomarker": "HIP-FCI (1)", "theta_mean": -5.8939406232606, "theta_std": 6.359023295373539, "phi_mean": -4.609296642763417, "phi_std": 8.100826147869363}, "PCC-FCI (2)": {"biomarker": "PCC-FCI (2)", "theta_mean": 5.888104460414748, "theta_std": 4.335825442022732, "phi_mean": 9.380608000447335, "phi_std": 4.04454667890649}, "HIP-GMI (3)": {"biomarker": "HIP-GMI (3)", "theta_mean": 0.39018446066114104, "theta_std": 0.29775783178031157, "phi_mean": 0.24687878480833134, "phi_std": 0.1619069487275913}, "FUS-GMI (4)": {"biomarker": "FUS-GMI (4)", "theta_mean": 0.5444172034287038, "theta_std": 0.07328735240010996, "phi_mean": 0.6095444275164713, "phi_std": 0.062129170546907406}, "FUS-FCI (5)": {"biomarker": "FUS-FCI (5)", "theta_mean": -14.311625855402898, "theta_std": 6.617091676429187, "phi_mean": -11.177463010063105, "phi_std": 4.700112408159368}}, "5": {"HIP-FCI (1)": {"biomarker": "HIP-FCI (1)", "theta_mean": -8.917443850081899, "theta_std": 5.664543587378337, "phi_mean": -4.445728298524345, "phi_std": 7.63023805276306}, "PCC-FCI (2)": {"biomarker": "PCC-FCI (2)", "theta_mean": 5.7710561852416875, "theta_std": 4.2159556828424725, "phi_mean": 8.836317598880733, "phi_std": 4.41118532148331}, "HIP-GMI (3)": {"biomarker": "HIP-GMI (3)", "theta_mean": 0.39018446066114104, "theta_std": 0.29775783178031157, "phi_mean": 0.24687878480833134, "phi_std": 0.1619069487275913}, "FUS-GMI (4)": {"biomarker": "FUS-GMI (4)", "theta_mean": 0.5342339861217796, "theta_std": 0.06398860119076723, "phi_mean": 0.6124353432546681, "phi_std": 0.06635633440622424}, "FUS-FCI (5)": {"biomarker": "FUS-FCI (5)", "theta_mean": -13.834383523555427, "theta_std": 7.076990099648569, "phi_mean": -10.664597555558439, "phi_std": 3.5602707326717753}}}