iteration,all_current_accepted_likelihoods
1,-1639.3796589948947
2,-1639.3796589948947
3,-1639.3796589948947
4,-1639.3796589948947
5,-1639.3796589948947
6,-1639.3796589948947
