{"HIP-FCI (1)": {"biomarker": "HIP-FCI (1)", "theta_mean": -7.060641061500821, "theta_std": 3.6573613990185536, "phi_mean": 4.270462183903756, "phi_std": 2.6345673675743524}, "PCC-FCI (2)": {"biomarker": "PCC-FCI (2)", "theta_mean": 3.568871514435407, "theta_std": 2.5457361341057583, "phi_mean": 12.134099667155214, "phi_std": 3.286921832701074}, "HIP-GMI (3)": {"biomarker": "HIP-GMI (3)", "theta_mean": 0.11050833544855161, "theta_std": 0.15856857885593126, "phi_mean": 0.5650293230376143, "phi_std": 0.17340683233609192}, "FUS-GMI (4)": {"biomarker": "FUS-GMI (4)", "theta_mean": 0.4740770228884556, "theta_std": 0.058715103771228704, "phi_mean": 0.6087803031007671, "phi_std": 0.04381245095922737}, "FUS-FCI (5)": {"biomarker": "FUS-FCI (5)", "theta_mean": -20.537134850191354, "theta_std": 4.7708759777985374, "phi_mean": -9.908300596551216, "phi_std": 2.8478707676838892}}