iteration,all_current_accepted_likelihoods
1,-829.8230108914262
2,-808.2132365889465
3,-791.2276245926167
4,-791.2276245926167
5,-791.2276245926167
6,-791.2276245926167
