{"0": {"FCI(HIP)-1": {"biomarker": "FCI(HIP)-1", "theta_mean": -2.0466393750000003, "theta_std": 5.211419624013885, "phi_mean": -1.5802009843749998, "phi_std": 4.89113546478381}, "GMI(HIP)-3": {"biomarker": "GMI(HIP)-3", "theta_mean": 0.4192384500000001, "theta_std": 0.08225147329337351, "phi_mean": 0.43360517857142844, "phi_std": 0.08122271448985759}, "FCI(Fusi)-5": {"biomarker": "FCI(Fusi)-5", "theta_mean": -13.508049666666668, "theta_std": 5.725406121057192, "phi_mean": -13.187512722222223, "phi_std": 5.588776424192136}, "FCI(PCC)-2": {"biomarker": "FCI(PCC)-2", "theta_mean": 4.5621003737373735, "theta_std": 5.858756161846538, "phi_mean": 6.120318177777778, "phi_std": 5.128611433490948}, "GMI(FUS)-4": {"biomarker": "GMI(FUS)-4", "theta_mean": 0.5075909999999999, "theta_std": 0.06868118357631593, "phi_mean": 0.5420322661290322, "phi_std": 0.06136710660595199}}, "1": {"FCI(HIP)-1": {"biomarker": "FCI(HIP)-1", "theta_mean": -1.9809677951807227, "theta_std": 5.034806788126324, "phi_mean": -1.6466178032786887, "phi_std": 5.127289240284443}, "GMI(HIP)-3": {"biomarker": "GMI(HIP)-3", "theta_mean": 0.395896640625, "theta_std": 0.08536232457842127, "phi_mean": 0.4529969625, "phi_std": 0.06937276923537611}, "FCI(Fusi)-5": {"biomarker": "FCI(Fusi)-5", "theta_mean": -13.826700642857146, "theta_std": 6.293564877471312, "phi_mean": -13.037448382352942, "phi_std": 5.308237211989525}, "FCI(PCC)-2": {"biomarker": "FCI(PCC)-2", "theta_mean": 4.5621003737373735, "theta_std": 5.858756161846538, "phi_mean": 6.120318177777778, "phi_std": 5.128611433490948}, "GMI(FUS)-4": {"biomarker": "GMI(FUS)-4", "theta_mean": 0.4679322999999999, "theta_std": 0.06775555068798852, "phi_mean": 0.5484288306451612, "phi_std": 0.05523573778135847}}, "2": {"FCI(HIP)-1": {"biomarker": "FCI(HIP)-1", "theta_mean": -1.7710517749999999, "theta_std": 4.922687169497655, "phi_mean": -1.9246854843749999, "phi_std": 5.262021215056474}, "GMI(HIP)-3": {"biomarker": "GMI(HIP)-3", "theta_mean": 0.3754185692307693, "theta_std": 0.08325819444870819, "phi_mean": 0.4705687974683544, "phi_std": 0.04953259632328959}, "FCI(Fusi)-5": {"biomarker": "FCI(Fusi)-5", "theta_mean": -14.96262032142857, "theta_std": 6.05143979994047, "phi_mean": -12.858515456896553, "phi_std": 5.438787532742764}, "FCI(PCC)-2": {"biomarker": "FCI(PCC)-2", "theta_mean": 4.5621003737373735, "theta_std": 5.858756161846538, "phi_mean": 6.120318177777778, "phi_std": 5.128611433490948}, "GMI(FUS)-4": {"biomarker": "GMI(FUS)-4", "theta_mean": 0.49442365957446804, "theta_std": 0.07080398284884162, "phi_mean": 0.55799906185567, "phi_std": 0.04740972594268682}}, "3": {"FCI(HIP)-1": {"biomarker": "FCI(HIP)-1", "theta_mean": -1.6848721000000002, "theta_std": 5.112299919680233, "phi_mean": -2.032410078125, "phi_std": 5.025555153170458}, "GMI(HIP)-3": {"biomarker": "GMI(HIP)-3", "theta_mean": 0.34505834999999996, "theta_std": 0.07632252664301171, "phi_mean": 0.4593731538461539, "phi_std": 0.05857006694287479}, "FCI(Fusi)-5": {"biomarker": "FCI(Fusi)-5", "theta_mean": -17.105837444444443, "theta_std": 6.6000783934734235, "phi_mean": -12.719334031746031, "phi_std": 5.248181528840084}, "FCI(PCC)-2": {"biomarker": "FCI(PCC)-2", "theta_mean": 4.5621003737373735, "theta_std": 5.858756161846538, "phi_mean": 6.120318177777778, "phi_std": 5.128611433490948}, "GMI(FUS)-4": {"biomarker": "GMI(FUS)-4", "theta_mean": 0.5026270166666666, "theta_std": 0.06657176023560313, "phi_mean": 0.5619785714285714, "phi_std": 0.04785657062361015}}, "4": {"FCI(HIP)-1": {"biomarker": "FCI(HIP)-1", "theta_mean": -1.4182230222222223, "theta_std": 5.4238898201522785, "phi_mean": -2.0307472424242428, "phi_std": 4.899259737076413}, "GMI(HIP)-3": {"biomarker": "GMI(HIP)-3", "theta_mean": 0.3682396101694916, "theta_std": 0.08024916485291797, "phi_mean": 0.4688353529411765, "phi_std": 0.05256593426761995}, "FCI(Fusi)-5": {"biomarker": "FCI(Fusi)-5", "theta_mean": -16.432058423076924, "theta_std": 6.92220026318847, "phi_mean": -12.570403754237288, "phi_std": 5.036716877447552}, "FCI(PCC)-2": {"biomarker": "FCI(PCC)-2", "theta_mean": 4.5621003737373735, "theta_std": 5.858756161846538, "phi_mean": 6.120318177777778, "phi_std": 5.128611433490948}, "GMI(FUS)-4": {"biomarker": "GMI(FUS)-4", "theta_mean": 0.51131228, "theta_std": 0.06698889671124324, "phi_mean": 0.5654405797101448, "phi_std": 0.04499800970718108}}, "5": {"FCI(HIP)-1": {"biomarker": "FCI(HIP)-1", "theta_mean": -1.7780423194444444, "theta_std": 5.104000180865683, "phi_mean": -1.9006245277777778, "phi_std": 5.048838043685452}, "GMI(HIP)-3": {"biomarker": "GMI(HIP)-3", "theta_mean": 0.3573146363636363, "theta_std": 0.08789655428238559, "phi_mean": 0.4402968852459016, "phi_std": 0.0740618935259748}, "FCI(Fusi)-5": {"biomarker": "FCI(Fusi)-5", "theta_mean": -14.318177254237288, "theta_std": 6.329268335592173, "phi_mean": -12.538455341176467, "phi_std": 4.949296888621058}, "FCI(PCC)-2": {"biomarker": "FCI(PCC)-2", "theta_mean": 4.5621003737373735, "theta_std": 5.858756161846538, "phi_mean": 6.120318177777778, "phi_std": 5.128611433490948}, "GMI(FUS)-4": {"biomarker": "GMI(FUS)-4", "theta_mean": 0.4925154634146341, "theta_std": 0.06644563591215182, "phi_mean": 0.5550552135922329, "phi_std": 0.05268480435833306}}}