iteration,all_current_accepted_likelihoods
1,-443.96464421153235
2,-335.95333654963434
3,-331.5087358662558
4,-331.5087358662558
5,-331.5087358662558
6,-331.6682830776796
