{"0": {"HIP-FCI (1)": {"biomarker": "HIP-FCI (1)", "theta_mean": -7.7136456555743775, "theta_std": 6.757089336440419, "phi_mean": 2.4474204207024526, "phi_std": 3.5075485547547838}, "PCC-FCI (2)": {"biomarker": "PCC-FCI (2)", "theta_mean": 4.255586871100295, "theta_std": 2.7517767885489937, "phi_mean": 11.700777569223156, "phi_std": 2.8763816916633433}, "HIP-GMI (3)": {"biomarker": "HIP-GMI (3)", "theta_mean": 0.666709189576926, "theta_std": 0.22077884405098738, "phi_mean": 0.2627434999921121, "phi_std": 0.2284375861241646}, "FUS-GMI (4)": {"biomarker": "FUS-GMI (4)", "theta_mean": 0.5203670301985939, "theta_std": 0.056358445581423416, "phi_mean": 0.6231742448925381, "phi_std": 0.055349969283332266}, "FUS-FCI (5)": {"biomarker": "FUS-FCI (5)", "theta_mean": -11.773886596274776, "theta_std": 5.236246255442169, "phi_mean": -10.824311286701757, "phi_std": 4.477561788148368}}, "1": {"HIP-FCI (1)": {"biomarker": "HIP-FCI (1)", "theta_mean": -7.310361014511813, "theta_std": 6.834296004727299, "phi_mean": 2.8650596162582413, "phi_std": 3.4715616008285646}, "PCC-FCI (2)": {"biomarker": "PCC-FCI (2)", "theta_mean": 4.255586871100295, "theta_std": 2.7517767885489937, "phi_mean": 11.700777569223156, "phi_std": 2.8763816916633433}, "HIP-GMI (3)": {"biomarker": "HIP-GMI (3)", "theta_mean": 0.8424418379682267, "theta_std": 0.17447782445035354, "phi_mean": 0.29989771600035847, "phi_std": 0.2272611917071265}, "FUS-GMI (4)": {"biomarker": "FUS-GMI (4)", "theta_mean": 0.5140592669681309, "theta_std": 0.05377344441054611, "phi_mean": 0.6209321754448626, "phi_std": 0.05434746802328581}, "FUS-FCI (5)": {"biomarker": "FUS-FCI (5)", "theta_mean": -11.773886596274776, "theta_std": 5.236246255442169, "phi_mean": -10.824311286701757, "phi_std": 4.477561788148368}}, "2": {"HIP-FCI (1)": {"biomarker": "HIP-FCI (1)", "theta_mean": -7.310361014511813, "theta_std": 6.834296004727299, "phi_mean": 2.8650596162582413, "phi_std": 3.4715616008285646}, "PCC-FCI (2)": {"biomarker": "PCC-FCI (2)", "theta_mean": 4.255586871100295, "theta_std": 2.7517767885489937, "phi_mean": 11.700777569223156, "phi_std": 2.8763816916633433}, "HIP-GMI (3)": {"biomarker": "HIP-GMI (3)", "theta_mean": 0.8424418379682267, "theta_std": 0.17447782445035354, "phi_mean": 0.29989771600035847, "phi_std": 0.2272611917071265}, "FUS-GMI (4)": {"biomarker": "FUS-GMI (4)", "theta_mean": 0.5032702218361917, "theta_std": 0.04903534281000411, "phi_mean": 0.6174375813518154, "phi_std": 0.05279341845958261}, "FUS-FCI (5)": {"biomarker": "FUS-FCI (5)", "theta_mean": -11.773886596274776, "theta_std": 5.236246255442169, "phi_mean": -10.824311286701757, "phi_std": 4.477561788148368}}, "3": {"HIP-FCI (1)": {"biomarker": "HIP-FCI (1)", "theta_mean": -7.578518603665498, "theta_std": 6.71805910110386, "phi_mean": 2.866273596014072, "phi_std": 3.323769621559296}, "PCC-FCI (2)": {"biomarker": "PCC-FCI (2)", "theta_mean": 4.255586871100295, "theta_std": 2.7517767885489937, "phi_mean": 11.700777569223156, "phi_std": 2.8763816916633433}, "HIP-GMI (3)": {"biomarker": "HIP-GMI (3)", "theta_mean": 0.8424418379682267, "theta_std": 0.17447782445035354, "phi_mean": 0.29989771600035847, "phi_std": 0.2272611917071265}, "FUS-GMI (4)": {"biomarker": "FUS-GMI (4)", "theta_mean": 0.5032702218361917, "theta_std": 0.04903534281000411, "phi_mean": 0.6174375813518154, "phi_std": 0.05279341845958261}, "FUS-FCI (5)": {"biomarker": "FUS-FCI (5)", "theta_mean": -11.773886596274776, "theta_std": 5.236246255442169, "phi_mean": -10.824311286701757, "phi_std": 4.477561788148368}}, "4": {"HIP-FCI (1)": {"biomarker": "HIP-FCI (1)", "theta_mean": -8.630361903476011, "theta_std": 6.2391485849361725, "phi_mean": 1.8360893545640131, "phi_std": 4.398052839869716}, "PCC-FCI (2)": {"biomarker": "PCC-FCI (2)", "theta_mean": 5.1233489837347, "theta_std": 3.30595679716031, "phi_mean": 12.67545956160897, "phi_std": 2.8037453973272206}, "HIP-GMI (3)": {"biomarker": "HIP-GMI (3)", "theta_mean": 0.8424418379682267, "theta_std": 0.17447782445035354, "phi_mean": 0.29989771600035847, "phi_std": 0.2272611917071265}, "FUS-GMI (4)": {"biomarker": "FUS-GMI (4)", "theta_mean": 0.5009696348299664, "theta_std": 0.049245929926437074, "phi_mean": 0.6151648005002882, "phi_std": 0.05340602131166171}, "FUS-FCI (5)": {"biomarker": "FUS-FCI (5)", "theta_mean": -11.773886596274776, "theta_std": 5.236246255442169, "phi_mean": -10.824311286701757, "phi_std": 4.477561788148368}}, "5": {"HIP-FCI (1)": {"biomarker": "HIP-FCI (1)", "theta_mean": -12.468958825988755, "theta_std": 6.026506256932605, "phi_mean": -2.195083339535488, "phi_std": 5.93974269072566}, "PCC-FCI (2)": {"biomarker": "PCC-FCI (2)", "theta_mean": 4.154560630595132, "theta_std": 2.7589823660109856, "phi_mean": 10.20085387370251, "phi_std": 4.012106370004498}, "HIP-GMI (3)": {"biomarker": "HIP-GMI (3)", "theta_mean": 0.5007255315592328, "theta_std": 0.27720421669708895, "phi_mean": 0.20341210659882147, "phi_std": 0.20712093877519397}, "FUS-GMI (4)": {"biomarker": "FUS-GMI (4)", "theta_mean": 0.5063061721407784, "theta_std": 0.04941104875315293, "phi_mean": 0.6191759400800673, "phi_std": 0.05306965290014138}, "FUS-FCI (5)": {"biomarker": "FUS-FCI (5)", "theta_mean": -11.773886596274776, "theta_std": 5.236246255442169, "phi_mean": -10.824311286701757, "phi_std": 4.477561788148368}}}