{"0": {"HIP-FCI (1)": {"biomarker": "HIP-FCI (1)", "theta_mean": -6.228453529853574, "theta_std": 7.032567071579378, "phi_mean": 5.338397011258152, "phi_std": 1.726423815843913}, "PCC-FCI (2)": {"biomarker": "PCC-FCI (2)", "theta_mean": 3.9432471566083223, "theta_std": 2.79487325917267, "phi_mean": 10.744629806190602, "phi_std": 3.3109687708198914}, "HIP-GMI (3)": {"biomarker": "HIP-GMI (3)", "theta_mean": 0.6726991089759641, "theta_std": 0.22801419815184826, "phi_mean": 0.27155692532717485, "phi_std": 0.23145131763222138}, "FUS-GMI (4)": {"biomarker": "FUS-GMI (4)", "theta_mean": 0.5140592669681309, "theta_std": 0.05377344441054611, "phi_mean": 0.6209321754448626, "phi_std": 0.05434746802328581}, "FUS-FCI (5)": {"biomarker": "FUS-FCI (5)", "theta_mean": -13.497894883621838, "theta_std": 5.485777442367086, "phi_mean": -8.950480337860927, "phi_std": 3.0591045475585963}}, "1": {"HIP-FCI (1)": {"biomarker": "HIP-FCI (1)", "theta_mean": -6.228453529853574, "theta_std": 7.032567071579378, "phi_mean": 5.338397011258152, "phi_std": 1.726423815843913}, "PCC-FCI (2)": {"biomarker": "PCC-FCI (2)", "theta_mean": 3.622693587355291, "theta_std": 2.554627000245321, "phi_mean": 9.758178652298318, "phi_std": 3.9070650489105447}, "HIP-GMI (3)": {"biomarker": "HIP-GMI (3)", "theta_mean": 0.7799288471682407, "theta_std": 0.19338201411959427, "phi_mean": 0.28715451290923993, "phi_std": 0.2250923385515358}, "FUS-GMI (4)": {"biomarker": "FUS-GMI (4)", "theta_mean": 0.5230191074318323, "theta_std": 0.053305043472763665, "phi_mean": 0.6390941791311983, "phi_std": 0.04451120470840575}, "FUS-FCI (5)": {"biomarker": "FUS-FCI (5)", "theta_mean": -12.993794592596194, "theta_std": 5.3795180227183135, "phi_mean": -8.884839819850196, "phi_std": 3.2643617571582833}}, "2": {"HIP-FCI (1)": {"biomarker": "HIP-FCI (1)", "theta_mean": -6.228453529853574, "theta_std": 7.032567071579378, "phi_mean": 5.338397011258152, "phi_std": 1.726423815843913}, "PCC-FCI (2)": {"biomarker": "PCC-FCI (2)", "theta_mean": 3.409234528030147, "theta_std": 2.55572807206693, "phi_mean": 9.48961555284804, "phi_std": 3.905463954151163}, "HIP-GMI (3)": {"biomarker": "HIP-GMI (3)", "theta_mean": 0.8424418379682267, "theta_std": 0.17447782445035354, "phi_mean": 0.29989771600035847, "phi_std": 0.2272611917071265}, "FUS-GMI (4)": {"biomarker": "FUS-GMI (4)", "theta_mean": 0.5244476231638228, "theta_std": 0.05297067550080797, "phi_mean": 0.6427551591181808, "phi_std": 0.04241286889679179}, "FUS-FCI (5)": {"biomarker": "FUS-FCI (5)", "theta_mean": -12.993794592596194, "theta_std": 5.3795180227183135, "phi_mean": -8.884839819850196, "phi_std": 3.2643617571582833}}, "3": {"HIP-FCI (1)": {"biomarker": "HIP-FCI (1)", "theta_mean": -6.228453529853574, "theta_std": 7.032567071579378, "phi_mean": 5.338397011258152, "phi_std": 1.726423815843913}, "PCC-FCI (2)": {"biomarker": "PCC-FCI (2)", "theta_mean": 4.040409685150264, "theta_std": 2.793975015445272, "phi_mean": 10.934328345327076, "phi_std": 3.2699934098728125}, "HIP-GMI (3)": {"biomarker": "HIP-GMI (3)", "theta_mean": 0.8424418379682267, "theta_std": 0.17447782445035354, "phi_mean": 0.29989771600035847, "phi_std": 0.2272611917071265}, "FUS-GMI (4)": {"biomarker": "FUS-GMI (4)", "theta_mean": 0.5100331345979146, "theta_std": 0.05148004338151428, "phi_mean": 0.6202786755758636, "phi_std": 0.053476074592219994}, "FUS-FCI (5)": {"biomarker": "FUS-FCI (5)", "theta_mean": -12.747281076520954, "theta_std": 5.50645403602162, "phi_mean": -9.186107705842693, "phi_std": 3.095437376294394}}, "4": {"HIP-FCI (1)": {"biomarker": "HIP-FCI (1)", "theta_mean": -6.228453529853574, "theta_std": 7.032567071579378, "phi_mean": 5.338397011258152, "phi_std": 1.726423815843913}, "PCC-FCI (2)": {"biomarker": "PCC-FCI (2)", "theta_mean": 3.5654695118226742, "theta_std": 2.5975844947285394, "phi_mean": 9.58401595932598, "phi_std": 3.9419480571275582}, "HIP-GMI (3)": {"biomarker": "HIP-GMI (3)", "theta_mean": 0.8424418379682267, "theta_std": 0.17447782445035354, "phi_mean": 0.29989771600035847, "phi_std": 0.2272611917071265}, "FUS-GMI (4)": {"biomarker": "FUS-GMI (4)", "theta_mean": 0.5230191074318323, "theta_std": 0.053305043472763665, "phi_mean": 0.6390941791311983, "phi_std": 0.04451120470840575}, "FUS-FCI (5)": {"biomarker": "FUS-FCI (5)", "theta_mean": -12.993794592596194, "theta_std": 5.3795180227183135, "phi_mean": -8.884839819850196, "phi_std": 3.2643617571582833}}, "5": {"HIP-FCI (1)": {"biomarker": "HIP-FCI (1)", "theta_mean": -6.228453529853574, "theta_std": 7.032567071579378, "phi_mean": 5.338397011258152, "phi_std": 1.726423815843913}, "PCC-FCI (2)": {"biomarker": "PCC-FCI (2)", "theta_mean": 2.8912666545183936, "theta_std": 2.3919679107117533, "phi_mean": 9.210936760621724, "phi_std": 3.8190520070217793}, "HIP-GMI (3)": {"biomarker": "HIP-GMI (3)", "theta_mean": 0.8424418379682267, "theta_std": 0.17447782445035354, "phi_mean": 0.29989771600035847, "phi_std": 0.2272611917071265}, "FUS-GMI (4)": {"biomarker": "FUS-GMI (4)", "theta_mean": 0.5217374060209073, "theta_std": 0.0517908202935324, "phi_mean": 0.6408641477462852, "phi_std": 0.04224583216679055}, "FUS-FCI (5)": {"biomarker": "FUS-FCI (5)", "theta_mean": -13.040924780703548, "theta_std": 5.453497720072311, "phi_mean": -9.035055029568035, "phi_std": 3.223393321771297}}}