iteration,all_current_accepted_likelihoods
1,-1368.2379884022057
2,-1273.2920988226379
3,-1257.2950354499587
4,-1257.2950354499587
5,-1257.2950354499587
6,-1257.2950354499587
