{"0": {"HIP-FCI (1)": {"biomarker": "HIP-FCI (1)", "theta_mean": -4.080640657400037, "theta_std": 6.4830576402897675, "phi_mean": 3.3596245636177646, "phi_std": 4.540629766388859}, "PCC-FCI (2)": {"biomarker": "PCC-FCI (2)", "theta_mean": 5.76492952667114, "theta_std": 4.129463899862012, "phi_mean": 9.86371166489986, "phi_std": 4.840208523104423}, "HIP-GMI (3)": {"biomarker": "HIP-GMI (3)", "theta_mean": 0.344493087460156, "theta_std": 0.24863767199191444, "phi_mean": 0.3201440536866562, "phi_std": 0.26395395579575476}, "FUS-GMI (4)": {"biomarker": "FUS-GMI (4)", "theta_mean": 0.5685819198001671, "theta_std": 0.08452161828928724, "phi_mean": 0.6024830310857561, "phi_std": 0.055794726987841874}, "FUS-FCI (5)": {"biomarker": "FUS-FCI (5)", "theta_mean": -11.48031220474006, "theta_std": 6.474562025299554, "phi_mean": -11.058863547853422, "phi_std": 4.736350972388665}}, "1": {"HIP-FCI (1)": {"biomarker": "HIP-FCI (1)", "theta_mean": -5.212506261043056, "theta_std": 5.529484653139545, "phi_mean": 4.955334518911026, "phi_std": 2.3367530992315992}, "PCC-FCI (2)": {"biomarker": "PCC-FCI (2)", "theta_mean": 6.44493588514144, "theta_std": 4.342857608109991, "phi_mean": 11.765938053513652, "phi_std": 4.067312071317241}, "HIP-GMI (3)": {"biomarker": "HIP-GMI (3)", "theta_mean": 0.3218943814263989, "theta_std": 0.28436460499957916, "phi_mean": 0.3290188756843304, "phi_std": 0.24680324841296417}, "FUS-GMI (4)": {"biomarker": "FUS-GMI (4)", "theta_mean": 0.5582931933801201, "theta_std": 0.08517854594111672, "phi_mean": 0.5941343539891221, "phi_std": 0.06728366515250266}, "FUS-FCI (5)": {"biomarker": "FUS-FCI (5)", "theta_mean": -15.70501794098312, "theta_std": 8.37826366777911, "phi_mean": -10.43847621068609, "phi_std": 3.763810577419923}}, "2": {"HIP-FCI (1)": {"biomarker": "HIP-FCI (1)", "theta_mean": -5.115214482031969, "theta_std": 5.847410832683209, "phi_mean": 4.969675270937619, "phi_std": 1.7372927040354973}, "PCC-FCI (2)": {"biomarker": "PCC-FCI (2)", "theta_mean": 6.44493588514144, "theta_std": 4.342857608109991, "phi_mean": 11.765938053513652, "phi_std": 4.067312071317241}, "HIP-GMI (3)": {"biomarker": "HIP-GMI (3)", "theta_mean": 0.33951752496957033, "theta_std": 0.26706128617675107, "phi_mean": 0.32483459618214233, "phi_std": 0.25922490539135506}, "FUS-GMI (4)": {"biomarker": "FUS-GMI (4)", "theta_mean": 0.5231514834282739, "theta_std": 0.07921469436422024, "phi_mean": 0.6041657587720243, "phi_std": 0.06041503126267658}, "FUS-FCI (5)": {"biomarker": "FUS-FCI (5)", "theta_mean": -13.95737655908675, "theta_std": 6.621418832636069, "phi_mean": -9.719476363362999, "phi_std": 2.982384369104246}}, "3": {"HIP-FCI (1)": {"biomarker": "HIP-FCI (1)", "theta_mean": -5.058447715346229, "theta_std": 5.93531410692491, "phi_mean": 4.925072811398823, "phi_std": 1.760568709407774}, "PCC-FCI (2)": {"biomarker": "PCC-FCI (2)", "theta_mean": 6.44493588514144, "theta_std": 4.342857608109991, "phi_mean": 11.765938053513652, "phi_std": 4.067312071317241}, "HIP-GMI (3)": {"biomarker": "HIP-GMI (3)", "theta_mean": 0.33998980804142037, "theta_std": 0.2977777384187939, "phi_mean": 0.3208565788917251, "phi_std": 0.24210264285365307}, "FUS-GMI (4)": {"biomarker": "FUS-GMI (4)", "theta_mean": 0.5052192337703466, "theta_std": 0.07143193458235698, "phi_mean": 0.6043713839834515, "phi_std": 0.06018055708827799}, "FUS-FCI (5)": {"biomarker": "FUS-FCI (5)", "theta_mean": -16.43143913974096, "theta_std": 6.378798975650542, "phi_mean": -10.437455754608665, "phi_std": 4.267167064898548}}, "4": {"HIP-FCI (1)": {"biomarker": "HIP-FCI (1)", "theta_mean": -4.905810576610969, "theta_std": 5.968555306812661, "phi_mean": 4.981706434738065, "phi_std": 1.688418990662136}, "PCC-FCI (2)": {"biomarker": "PCC-FCI (2)", "theta_mean": 6.443373234264214, "theta_std": 4.362918181134288, "phi_mean": 9.946088675137018, "phi_std": 4.8632205686621965}, "HIP-GMI (3)": {"biomarker": "HIP-GMI (3)", "theta_mean": 0.39415208447729466, "theta_std": 0.28048310660886466, "phi_mean": 0.31650204213170735, "phi_std": 0.25552811328551256}, "FUS-GMI (4)": {"biomarker": "FUS-GMI (4)", "theta_mean": 0.5685819198001671, "theta_std": 0.08452161828928724, "phi_mean": 0.6024830310857561, "phi_std": 0.055794726987841874}, "FUS-FCI (5)": {"biomarker": "FUS-FCI (5)", "theta_mean": -14.21532219278366, "theta_std": 6.466109248447385, "phi_mean": -9.695716010449685, "phi_std": 3.153623520907386}}, "5": {"HIP-FCI (1)": {"biomarker": "HIP-FCI (1)", "theta_mean": -5.091669217440138, "theta_std": 5.647908306932381, "phi_mean": 5.1337725954164775, "phi_std": 1.6850613631565905}, "PCC-FCI (2)": {"biomarker": "PCC-FCI (2)", "theta_mean": 6.44493588514144, "theta_std": 4.342857608109991, "phi_mean": 11.765938053513652, "phi_std": 4.067312071317241}, "HIP-GMI (3)": {"biomarker": "HIP-GMI (3)", "theta_mean": 0.3524368777197398, "theta_std": 0.3011747588162046, "phi_mean": 0.32130394990876854, "phi_std": 0.2506782628208712}, "FUS-GMI (4)": {"biomarker": "FUS-GMI (4)", "theta_mean": 0.5707425144785475, "theta_std": 0.08785068554485996, "phi_mean": 0.5912841269291228, "phi_std": 0.06635440916793368}, "FUS-FCI (5)": {"biomarker": "FUS-FCI (5)", "theta_mean": -13.581200167978476, "theta_std": 6.371209737554881, "phi_mean": -9.637698198128863, "phi_std": 2.9675708664025504}}}