iteration,all_current_accepted_likelihoods
1,-1397.7849595277207
2,-1387.0102273546586
3,-1378.53472201059
4,-1362.8734693649963
5,-1351.9298257058404
6,-1330.8489082543465
