{"0": {"HIP-FCI (1)": {"biomarker": "HIP-FCI (1)", "theta_mean": -6.107075518741143, "theta_std": 6.49659812139289, "phi_mean": -3.0667186798036505, "phi_std": 7.873561062247349}, "PCC-FCI (2)": {"biomarker": "PCC-FCI (2)", "theta_mean": 6.6544925022286625, "theta_std": 4.358022523999466, "phi_mean": 11.768097663721104, "phi_std": 3.243910017876656}, "HIP-GMI (3)": {"biomarker": "HIP-GMI (3)", "theta_mean": 0.3699073104548044, "theta_std": 0.28221720894234825, "phi_mean": 0.33903335470251367, "phi_std": 0.28669491325353}, "FUS-GMI (4)": {"biomarker": "FUS-GMI (4)", "theta_mean": 0.5251120187614784, "theta_std": 0.08640941113531149, "phi_mean": 0.5793339416832511, "phi_std": 0.07921421143250142}, "FUS-FCI (5)": {"biomarker": "FUS-FCI (5)", "theta_mean": -11.825310764113832, "theta_std": 5.832368237268241, "phi_mean": -11.864118338092059, "phi_std": 5.638269291834954}}, "1": {"HIP-FCI (1)": {"biomarker": "HIP-FCI (1)", "theta_mean": -7.527478150046756, "theta_std": 5.583504717921171, "phi_mean": -0.8012889429797012, "phi_std": 7.475271269517847}, "PCC-FCI (2)": {"biomarker": "PCC-FCI (2)", "theta_mean": 6.899615866057545, "theta_std": 4.093634693013584, "phi_mean": 7.4165812103689275, "phi_std": 4.887746306026176}, "HIP-GMI (3)": {"biomarker": "HIP-GMI (3)", "theta_mean": 0.37821117627541384, "theta_std": 0.2593334352189426, "phi_mean": 0.3380082446761445, "phi_std": 0.2961859496819519}, "FUS-GMI (4)": {"biomarker": "FUS-GMI (4)", "theta_mean": 0.5099755466470441, "theta_std": 0.0749542225661531, "phi_mean": 0.5821104543196266, "phi_std": 0.07913767532467819}, "FUS-FCI (5)": {"biomarker": "FUS-FCI (5)", "theta_mean": -12.1537437975917, "theta_std": 5.9179668745836125, "phi_mean": -9.049868681811763, "phi_std": 2.436381896717151}}, "2": {"HIP-FCI (1)": {"biomarker": "HIP-FCI (1)", "theta_mean": -7.431816709994606, "theta_std": 5.842745793916208, "phi_mean": 0.6838976987114994, "phi_std": 6.617773714334868}, "PCC-FCI (2)": {"biomarker": "PCC-FCI (2)", "theta_mean": 6.381449996048518, "theta_std": 3.7609212579593163, "phi_mean": 8.086673957634147, "phi_std": 5.13670000973672}, "HIP-GMI (3)": {"biomarker": "HIP-GMI (3)", "theta_mean": 0.34047539275252814, "theta_std": 0.2763876293383995, "phi_mean": 0.35757023903217144, "phi_std": 0.29052262225659253}, "FUS-GMI (4)": {"biomarker": "FUS-GMI (4)", "theta_mean": 0.5660212348851856, "theta_std": 0.08353681914756983, "phi_mean": 0.6151043223370924, "phi_std": 0.058903349654471034}, "FUS-FCI (5)": {"biomarker": "FUS-FCI (5)", "theta_mean": -15.07238887815393, "theta_std": 6.489665200603456, "phi_mean": -11.03609813797865, "phi_std": 5.238631687115028}}, "3": {"HIP-FCI (1)": {"biomarker": "HIP-FCI (1)", "theta_mean": -7.970842026203238, "theta_std": 5.024184832326546, "phi_mean": 2.3320568664732932, "phi_std": 6.294041081905119}, "PCC-FCI (2)": {"biomarker": "PCC-FCI (2)", "theta_mean": 6.047048505048624, "theta_std": 3.5758773431891884, "phi_mean": 8.679529712882232, "phi_std": 5.190904550082969}, "HIP-GMI (3)": {"biomarker": "HIP-GMI (3)", "theta_mean": 0.3645440384474506, "theta_std": 0.2723992442649903, "phi_mean": 0.34246233188754305, "phi_std": 0.2930129541798747}, "FUS-GMI (4)": {"biomarker": "FUS-GMI (4)", "theta_mean": 0.5660212348851856, "theta_std": 0.08353681914756983, "phi_mean": 0.6151043223370924, "phi_std": 0.058903349654471034}, "FUS-FCI (5)": {"biomarker": "FUS-FCI (5)", "theta_mean": -16.286533259897443, "theta_std": 7.631149733390299, "phi_mean": -10.6622586094117, "phi_std": 4.430732066494654}}, "4": {"HIP-FCI (1)": {"biomarker": "HIP-FCI (1)", "theta_mean": -8.233909829468576, "theta_std": 5.044182170270831, "phi_mean": 3.2789209775491854, "phi_std": 4.555056130445036}, "PCC-FCI (2)": {"biomarker": "PCC-FCI (2)", "theta_mean": 5.802467984160704, "theta_std": 3.393667367928292, "phi_mean": 8.973130854433268, "phi_std": 5.164509951957711}, "HIP-GMI (3)": {"biomarker": "HIP-GMI (3)", "theta_mean": 0.3490797924524359, "theta_std": 0.301732736580733, "phi_mean": 0.35254832287586385, "phi_std": 0.2726083174907666}, "FUS-GMI (4)": {"biomarker": "FUS-GMI (4)", "theta_mean": 0.5660212348851856, "theta_std": 0.08353681914756983, "phi_mean": 0.6151043223370924, "phi_std": 0.058903349654471034}, "FUS-FCI (5)": {"biomarker": "FUS-FCI (5)", "theta_mean": -16.79492471980746, "theta_std": 7.414773788038793, "phi_mean": -10.279703096394625, "phi_std": 3.9813851373793705}}, "5": {"HIP-FCI (1)": {"biomarker": "HIP-FCI (1)", "theta_mean": -6.319431674631338, "theta_std": 6.586330946726998, "phi_mean": 4.469146875242475, "phi_std": 1.4366652708401912}, "PCC-FCI (2)": {"biomarker": "PCC-FCI (2)", "theta_mean": 5.597739892175481, "theta_std": 3.2728270051771853, "phi_mean": 8.970026185083924, "phi_std": 5.0668230121661955}, "HIP-GMI (3)": {"biomarker": "HIP-GMI (3)", "theta_mean": 0.32324715404383486, "theta_std": 0.2994504171685973, "phi_mean": 0.3681294821116931, "phi_std": 0.2749730541661828}, "FUS-GMI (4)": {"biomarker": "FUS-GMI (4)", "theta_mean": 0.562329627843412, "theta_std": 0.08270675667607234, "phi_mean": 0.5974313249330623, "phi_std": 0.07697582720254119}, "FUS-FCI (5)": {"biomarker": "FUS-FCI (5)", "theta_mean": -19.638796031790665, "theta_std": 5.869452805303756, "phi_mean": -9.894496349569467, "phi_std": 3.691327320455723}}}