iteration,all_current_accepted_likelihoods
1,-3585.6565464238943
2,-3542.1540557039416
3,-3515.3305745107527
4,-3515.3305745107527
5,-3515.3305745107527
6,-3502.612725115994
