{"0": {"HIP-FCI (1)": {"biomarker": "HIP-FCI (1)", "theta_mean": -4.04547466339884, "theta_std": 7.1976481229582605, "phi_mean": -1.3428070195241577, "phi_std": 7.121332715775047}, "PCC-FCI (2)": {"biomarker": "PCC-FCI (2)", "theta_mean": 6.431971325550093, "theta_std": 4.412836116802079, "phi_mean": 11.277048586909569, "phi_std": 3.540430390942741}, "HIP-GMI (3)": {"biomarker": "HIP-GMI (3)", "theta_mean": 0.3358536963192186, "theta_std": 0.31796786410377387, "phi_mean": 0.36905663865861843, "phi_std": 0.25944238819589094}, "FUS-GMI (4)": {"biomarker": "FUS-GMI (4)", "theta_mean": 0.562770024137418, "theta_std": 0.08014325284738953, "phi_mean": 0.578741365446815, "phi_std": 0.07997595576366928}, "FUS-FCI (5)": {"biomarker": "FUS-FCI (5)", "theta_mean": -12.31155610533986, "theta_std": 6.018528762165491, "phi_mean": -11.005881938349642, "phi_std": 5.098915485018686}}, "1": {"HIP-FCI (1)": {"biomarker": "HIP-FCI (1)", "theta_mean": -5.589279462575327, "theta_std": 7.424772479407695, "phi_mean": -0.9081043383845324, "phi_std": 6.870026852511257}, "PCC-FCI (2)": {"biomarker": "PCC-FCI (2)", "theta_mean": 6.431971325550093, "theta_std": 4.412836116802079, "phi_mean": 11.277048586909569, "phi_std": 3.540430390942741}, "HIP-GMI (3)": {"biomarker": "HIP-GMI (3)", "theta_mean": 0.32139181630311436, "theta_std": 0.32730562007744796, "phi_mean": 0.396648207827234, "phi_std": 0.22675058969583006}, "FUS-GMI (4)": {"biomarker": "FUS-GMI (4)", "theta_mean": 0.5481131298907622, "theta_std": 0.08310905292353082, "phi_mean": 0.5930919518321732, "phi_std": 0.07149580401251805}, "FUS-FCI (5)": {"biomarker": "FUS-FCI (5)", "theta_mean": -12.89889734766427, "theta_std": 6.778477680416527, "phi_mean": -10.646055691974937, "phi_std": 4.42940386234003}}, "2": {"HIP-FCI (1)": {"biomarker": "HIP-FCI (1)", "theta_mean": -7.113139383821476, "theta_std": 6.606991192355905, "phi_mean": -0.6454131535578179, "phi_std": 6.810454449263178}, "PCC-FCI (2)": {"biomarker": "PCC-FCI (2)", "theta_mean": 6.431971325550093, "theta_std": 4.412836116802079, "phi_mean": 11.277048586909569, "phi_std": 3.540430390942741}, "HIP-GMI (3)": {"biomarker": "HIP-GMI (3)", "theta_mean": 0.3174965676358221, "theta_std": 0.32577706510306076, "phi_mean": 0.3968882039113777, "phi_std": 0.2380564164863859}, "FUS-GMI (4)": {"biomarker": "FUS-GMI (4)", "theta_mean": 0.5422579454539411, "theta_std": 0.0841219094654566, "phi_mean": 0.5981972746062615, "phi_std": 0.06664773446436953}, "FUS-FCI (5)": {"biomarker": "FUS-FCI (5)", "theta_mean": -14.375957573197486, "theta_std": 6.929583976945353, "phi_mean": -10.008970846321638, "phi_std": 3.837114149067018}}, "3": {"HIP-FCI (1)": {"biomarker": "HIP-FCI (1)", "theta_mean": -5.540741363114394, "theta_std": 7.298891847905796, "phi_mean": 0.17810278534248558, "phi_std": 6.331885024332835}, "PCC-FCI (2)": {"biomarker": "PCC-FCI (2)", "theta_mean": 6.431971325550093, "theta_std": 4.412836116802079, "phi_mean": 11.277048586909569, "phi_std": 3.540430390942741}, "HIP-GMI (3)": {"biomarker": "HIP-GMI (3)", "theta_mean": 0.3158023457869404, "theta_std": 0.3280526833896341, "phi_mean": 0.40032609531245505, "phi_std": 0.23099904979493538}, "FUS-GMI (4)": {"biomarker": "FUS-GMI (4)", "theta_mean": 0.5325144639245686, "theta_std": 0.07718165922961545, "phi_mean": 0.607261732366349, "phi_std": 0.06540797901990061}, "FUS-FCI (5)": {"biomarker": "FUS-FCI (5)", "theta_mean": -13.875505825814344, "theta_std": 6.316634037394322, "phi_mean": -10.806835334751305, "phi_std": 5.006143269159387}}, "4": {"HIP-FCI (1)": {"biomarker": "HIP-FCI (1)", "theta_mean": -5.77839905129256, "theta_std": 6.578361464392656, "phi_mean": -0.8677098631245411, "phi_std": 7.0243204929368614}, "PCC-FCI (2)": {"biomarker": "PCC-FCI (2)", "theta_mean": 6.431971325550093, "theta_std": 4.412836116802079, "phi_mean": 11.277048586909569, "phi_std": 3.540430390942741}, "HIP-GMI (3)": {"biomarker": "HIP-GMI (3)", "theta_mean": 0.3102813997426134, "theta_std": 0.3259741211695837, "phi_mean": 0.40740264561781125, "phi_std": 0.23416790247536604}, "FUS-GMI (4)": {"biomarker": "FUS-GMI (4)", "theta_mean": 0.5307161952700185, "theta_std": 0.0749834147905549, "phi_mean": 0.6051995358482786, "phi_std": 0.06832653078581624}, "FUS-FCI (5)": {"biomarker": "FUS-FCI (5)", "theta_mean": -13.601969282746287, "theta_std": 6.546510848938014, "phi_mean": -10.252872319323787, "phi_std": 4.314239290089011}}, "5": {"HIP-FCI (1)": {"biomarker": "HIP-FCI (1)", "theta_mean": -7.714386899466711, "theta_std": 4.923768039850425, "phi_mean": -0.3830195719855847, "phi_std": 6.934507204080738}, "PCC-FCI (2)": {"biomarker": "PCC-FCI (2)", "theta_mean": 6.431971325550093, "theta_std": 4.412836116802079, "phi_mean": 11.277048586909569, "phi_std": 3.540430390942741}, "HIP-GMI (3)": {"biomarker": "HIP-GMI (3)", "theta_mean": 0.2992296170611806, "theta_std": 0.3318202125192825, "phi_mean": 0.41482505552574234, "phi_std": 0.226281387788295}, "FUS-GMI (4)": {"biomarker": "FUS-GMI (4)", "theta_mean": 0.5252949221986692, "theta_std": 0.07131046952254429, "phi_mean": 0.6084259444018815, "phi_std": 0.06718596127092949}, "FUS-FCI (5)": {"biomarker": "FUS-FCI (5)", "theta_mean": -14.352637492900602, "theta_std": 6.8979584754920396, "phi_mean": -9.916377392017122, "phi_std": 3.7122219150743145}}}