iteration,all_current_accepted_likelihoods
1,-1239.3254264916407
2,-813.9103152206433
3,-808.8609865063819
4,-795.4380823409571
5,-795.2890735596545
6,-795.6220275657241
