{"0": {"FCI(HIP)-1": {"biomarker": "FCI(HIP)-1", "theta_mean": 0.7339036874999999, "theta_std": 4.752615354832314, "phi_mean": -3.1259519791666666, "phi_std": 4.732285639424753}, "GMI(HIP)-3": {"biomarker": "GMI(HIP)-3", "theta_mean": 0.31863086111111105, "theta_std": 0.05386272328808197, "phi_mean": 0.46394843518518514, "phi_std": 0.052041889383968434}, "FCI(Fusi)-5": {"biomarker": "FCI(Fusi)-5", "theta_mean": -13.415038010101009, "theta_std": 5.652541506262575, "phi_mean": -12.943386644444445, "phi_std": 5.547628657185146}, "FCI(PCC)-2": {"biomarker": "FCI(PCC)-2", "theta_mean": 7.4219865178571425, "theta_std": 5.7849140253000115, "phi_mean": 3.53898875, "phi_std": 5.074377327646788}, "GMI(FUS)-4": {"biomarker": "GMI(FUS)-4", "theta_mean": 0.47255289189189176, "theta_std": 0.06251970046260825, "phi_mean": 0.5596202242990653, "phi_std": 0.04620551839039781}}, "1": {"FCI(HIP)-1": {"biomarker": "FCI(HIP)-1", "theta_mean": -0.9317501547619048, "theta_std": 4.685238649896612, "phi_mean": -3.1099499999999995, "phi_std": 5.324216611167559}, "GMI(HIP)-3": {"biomarker": "GMI(HIP)-3", "theta_mean": 0.3045573666666666, "theta_std": 0.048418417870670756, "phi_mean": 0.46000369298245614, "phi_std": 0.053220421430573484}, "FCI(Fusi)-5": {"biomarker": "FCI(Fusi)-5", "theta_mean": -13.415038010101009, "theta_std": 5.652541506262575, "phi_mean": -12.943386644444445, "phi_std": 5.547628657185146}, "FCI(PCC)-2": {"biomarker": "FCI(PCC)-2", "theta_mean": 6.9820087115384615, "theta_std": 6.461709021656393, "phi_mean": 3.9564978478260873, "phi_std": 4.868582578223083}, "GMI(FUS)-4": {"biomarker": "GMI(FUS)-4", "theta_mean": 0.46134571428571425, "theta_std": 0.056709081461977714, "phi_mean": 0.5616212935779816, "phi_std": 0.04310529412350001}}, "2": {"FCI(HIP)-1": {"biomarker": "FCI(HIP)-1", "theta_mean": -1.67278021875, "theta_std": 4.824291859717026, "phi_mean": -2.1724398333333332, "phi_std": 5.53124828464946}, "GMI(HIP)-3": {"biomarker": "GMI(HIP)-3", "theta_mean": 0.29947096296296294, "theta_std": 0.0479566629491758, "phi_mean": 0.45719167521367526, "phi_std": 0.05541613174491456}, "FCI(Fusi)-5": {"biomarker": "FCI(Fusi)-5", "theta_mean": -14.686489688888885, "theta_std": 6.438078088694833, "phi_mean": -12.622718444444445, "phi_std": 5.083162995709922}, "FCI(PCC)-2": {"biomarker": "FCI(PCC)-2", "theta_mean": 4.5621003737373735, "theta_std": 5.85845726859012, "phi_mean": 6.120318177777778, "phi_std": 5.1273449533053235}, "GMI(FUS)-4": {"biomarker": "GMI(FUS)-4", "theta_mean": 0.45455272727272733, "theta_std": 0.052026766413751625, "phi_mean": 0.561834063063063, "phi_std": 0.04238262694843344}}, "3": {"FCI(HIP)-1": {"biomarker": "FCI(HIP)-1", "theta_mean": -1.807023547619048, "theta_std": 4.780111947743221, "phi_mean": -1.852637490196078, "phi_std": 5.193396498955012}, "GMI(HIP)-3": {"biomarker": "GMI(HIP)-3", "theta_mean": 0.2976889230769231, "theta_std": 0.04798493490823895, "phi_mean": 0.4562477118644068, "phi_std": 0.05611753285362779}, "FCI(Fusi)-5": {"biomarker": "FCI(Fusi)-5", "theta_mean": -13.415038010101009, "theta_std": 5.652541506262575, "phi_mean": -12.943386644444445, "phi_std": 5.547628657185146}, "FCI(PCC)-2": {"biomarker": "FCI(PCC)-2", "theta_mean": 4.5621003737373735, "theta_std": 5.85845726859012, "phi_mean": 6.120318177777778, "phi_std": 5.1273449533053235}, "GMI(FUS)-4": {"biomarker": "GMI(FUS)-4", "theta_mean": 0.45149834375, "theta_std": 0.04983478603822421, "phi_mean": 0.5617488749999999, "phi_std": 0.04220253922859995}}, "4": {"FCI(HIP)-1": {"biomarker": "FCI(HIP)-1", "theta_mean": -1.7663599250000002, "theta_std": 4.894467171967621, "phi_mean": -1.867400153846154, "phi_std": 5.144350725503514}, "GMI(HIP)-3": {"biomarker": "GMI(HIP)-3", "theta_mean": 0.29596515999999995, "theta_std": 0.048139389272137637, "phi_mean": 0.4552774201680672, "phi_std": 0.05686657016497179}, "FCI(Fusi)-5": {"biomarker": "FCI(Fusi)-5", "theta_mean": -13.415038010101009, "theta_std": 5.652541506262575, "phi_mean": -12.943386644444445, "phi_std": 5.547628657185146}, "FCI(PCC)-2": {"biomarker": "FCI(PCC)-2", "theta_mean": 4.5621003737373735, "theta_std": 5.85845726859012, "phi_mean": 6.120318177777778, "phi_std": 5.1273449533053235}, "GMI(FUS)-4": {"biomarker": "GMI(FUS)-4", "theta_mean": 0.4491999354838709, "theta_std": 0.04893437661968453, "phi_mean": 0.5614037433628318, "phi_std": 0.04217385149083855}}, "5": {"FCI(HIP)-1": {"biomarker": "FCI(HIP)-1", "theta_mean": -1.9948072631578946, "theta_std": 4.900635697424686, "phi_mean": -1.7835975188679245, "phi_std": 5.1367658544567565}, "GMI(HIP)-3": {"biomarker": "GMI(HIP)-3", "theta_mean": 0.29596515999999995, "theta_std": 0.048139389272137637, "phi_mean": 0.4552774201680672, "phi_std": 0.05686657016497179}, "FCI(Fusi)-5": {"biomarker": "FCI(Fusi)-5", "theta_mean": -13.415038010101009, "theta_std": 5.652541506262575, "phi_mean": -12.943386644444445, "phi_std": 5.547628657185146}, "FCI(PCC)-2": {"biomarker": "FCI(PCC)-2", "theta_mean": 4.5621003737373735, "theta_std": 5.85845726859012, "phi_mean": 6.120318177777778, "phi_std": 5.1273449533053235}, "GMI(FUS)-4": {"biomarker": "GMI(FUS)-4", "theta_mean": 0.4467458666666666, "theta_std": 0.04782986782108249, "phi_mean": 0.5610653070175439, "phi_std": 0.04214231393973536}}}