Biomarker,participant,measurement,k_j,k_n,drawn_from
Biomarker 1,3,0.03800759308986483,8,7,diseased
Biomarker 1,4,-0.07785671392426612,8,7,diseased
Biomarker 1,7,0.024041064529295664,7,7,diseased
Biomarker 1,8,0.020710340198397924,10,7,diseased
Biomarker 1,10,0.018829755354210265,9,7,diseased
Biomarker 1,12,0.09060565066507238,7,7,diseased
Biomarker 1,16,-0.004012847069568436,7,7,diseased
Biomarker 1,17,0.008124014783266187,8,7,diseased
Biomarker 1,18,0.002373875502727448,8,7,diseased
Biomarker 1,23,-0.06772539391117892,8,7,diseased
Biomarker 1,24,0.02704354802571603,8,7,diseased
Biomarker 1,27,-0.005752062958898606,9,7,diseased
Biomarker 1,29,-0.005846404046961557,8,7,diseased
Biomarker 1,30,0.12363651440715027,9,7,diseased
Biomarker 1,34,-0.12801163092835063,7,7,diseased
Biomarker 1,40,0.06645982974131018,9,7,diseased
Biomarker 1,41,0.060329984048083755,7,7,diseased
Biomarker 1,42,0.044791128846519965,8,7,diseased
Biomarker 1,43,0.013544977517371416,9,7,diseased
Biomarker 1,45,0.01989291414846918,9,7,diseased
Biomarker 1,46,0.02998502474495516,7,7,diseased
Biomarker 1,52,-0.07717439293809396,8,7,diseased
Biomarker 1,55,-0.041278179682063404,7,7,diseased
Biomarker 1,58,0.029590765335477102,8,7,diseased
Biomarker 1,60,0.01947125679402032,8,7,diseased
Biomarker 1,68,0.019236190598571536,9,7,diseased
Biomarker 1,70,0.05480802626901345,7,7,diseased
Biomarker 1,71,-0.02993539899417134,7,7,diseased
Biomarker 1,72,-0.055579038381594253,8,7,diseased
Biomarker 1,73,0.08909884325709483,9,7,diseased
Biomarker 1,74,-0.09628303917963968,9,7,diseased
Biomarker 1,82,-0.0033968947230177357,9,7,diseased
Biomarker 1,83,-0.06760795908824058,7,7,diseased
Biomarker 1,85,0.019959793773011186,10,7,diseased
Biomarker 1,86,0.01159932545287727,9,7,diseased
Biomarker 1,87,0.00806428852632348,7,7,diseased
Biomarker 1,89,-0.019443107220194884,10,7,diseased
Biomarker 1,92,-0.05750532152598413,10,7,diseased
Biomarker 1,96,0.04466123776170492,8,7,diseased
