Biomarker,participant,measurement,k_j,S_n,affected_or_not
Biomarker 1,71,2.6848939164879373,10,10,affected
Biomarker 1,75,2.228630521260511,10,10,affected
Biomarker 1,79,2.8860594876789296,10,10,affected
Biomarker 1,90,3.539476708900861,10,10,affected
Biomarker 1,94,2.577632659508949,10,10,affected
