Biomarker,participant,measurement,k_j,S_n,drawn_from
Biomarker 1,7,3.744226525782464,9,9,diseased
Biomarker 1,11,3.2076183218306724,10,9,diseased
Biomarker 1,17,3.746200074533576,10,9,diseased
Biomarker 1,34,3.071321002494464,10,9,diseased
Biomarker 1,35,2.298134539099136,10,9,diseased
Biomarker 1,38,2.175094119190548,10,9,diseased
Biomarker 1,39,2.6374148255324403,9,9,diseased
Biomarker 1,54,3.1417601389245804,10,9,diseased
Biomarker 1,55,3.118273437171127,10,9,diseased
Biomarker 1,67,2.9502535171444695,10,9,diseased
Biomarker 1,75,2.6388885816722705,9,9,diseased
Biomarker 1,79,2.5058883978017796,9,9,diseased
Biomarker 1,87,2.0749278001038407,10,9,diseased
Biomarker 1,91,4.1153146076278695,9,9,diseased
