Biomarker,participant,measurement,k_j,S_n,affected_or_not
Biomarker 1,0,2.6575903001962304,9,9,affected
Biomarker 1,5,2.549242307544627,10,9,affected
Biomarker 1,6,2.193965549280377,9,9,affected
Biomarker 1,7,3.0707286494666812,10,9,affected
Biomarker 1,11,2.881731265119078,9,9,affected
Biomarker 1,19,2.8952258055253255,9,9,affected
Biomarker 1,20,2.300232414510351,9,9,affected
Biomarker 1,24,3.9057839099465403,9,9,affected
Biomarker 1,31,2.6371296951135794,10,9,affected
Biomarker 1,40,3.194681308696434,10,9,affected
Biomarker 1,42,3.5580799771725697,9,9,affected
Biomarker 1,43,2.4356423689829145,10,9,affected
Biomarker 1,47,2.6104918353849222,10,9,affected
Biomarker 1,52,3.069984419932564,9,9,affected
Biomarker 1,54,3.3186435733091213,10,9,affected
Biomarker 1,58,2.82712933073634,10,9,affected
Biomarker 1,63,2.749830884562963,10,9,affected
Biomarker 1,66,2.5232298950328302,10,9,affected
Biomarker 1,78,2.1686614205434567,10,9,affected
Biomarker 1,85,3.1697502141302305,10,9,affected
Biomarker 1,86,2.5158488661234792,10,9,affected
Biomarker 1,92,3.6560723287907146,10,9,affected
Biomarker 1,98,2.042039308021888,9,9,affected
