biomarker,theta_mean,theta_std,phi_mean,phi_std
HIP-FCI,20.986768279305902,1.7116978600176052,26.756966881537895,1.5729838171521584
HIP-GMI,-20.11065815857849,3.5587227911298522,-6.072084579339442,1.37281713220874
FUS-FCI,174.28982108766482,30.290388706840368,277.4180015738382,34.51722396636228
PCC-FCI,-74.31463841623437,19.037685912487003,-22.676135703328203,15.02901909134877
FUS-GMI,-7.039237818680109,4.646457707664651,5.069476519947725,1.8769644329034656
