biomarker,theta_mean,theta_std,phi_mean,phi_std
HIP-FCI,-10.184582525827087,4.277355736417632,1.7734646380233516,3.610902123244831
HIP-GMI,0.05548633686852317,0.20848088700246994,0.5623793122996437,0.1486275876704999
FUS-FCI,-17.456623640328644,4.337658477451244,-9.116586270189062,2.245641747340001
PCC-FCI,4.647292785294892,2.796463873289104,12.062175355557784,2.3798316651544584
FUS-GMI,0.4927643696133079,0.05155988028761397,0.6295807865238305,0.03945523310068874
