biomarker,theta_mean,theta_std,phi_mean,phi_std
HIP-FCI,21.661025460211704,2.329509401647367,28.014828965400294,0.5876712442295492
HIP-GMI,-19.936495721477673,3.800738279839776,-5.964150968333579,1.1700239440927986
FUS-FCI,149.34712518643383,15.43699234956656,243.90574463665263,54.27526992988913
PCC-FCI,-51.839925490825586,32.933852872682124,-26.056929423144034,14.836945332239752
FUS-GMI,-4.734595820370508,6.526063277347672,5.199443899442919,1.464933986187431
