biomarker,theta_mean,theta_std,phi_mean,phi_std
HIP-FCI,-5.350127146858419,5.944845415743333,4.76664944561589,2.1648712457555512
HIP-GMI,0.2938956861687456,0.3735121494925625,0.4070740160332356,0.251117122011068
FUS-FCI,-19.32587270219461,6.143154914799809,-9.59840557160498,3.3980707424665186
PCC-FCI,5.664726919408359,2.972719055519558,11.786494929102926,3.7151642897833934
FUS-GMI,0.496659259084661,0.054852630451708205,0.5910427097453441,0.06882231374322705
