biomarker,theta_mean,theta_std,phi_mean,phi_std
HIP-FCI,-5.0,6.666666666666667,5.0,1.6666666666666667
HIP-GMI,0.3,0.3333333333333333,0.4,0.2333333333333333
FUS-FCI,-20.0,6.0,-10.0,3.3333333333333335
PCC-FCI,5.0,3.3333333333333335,12.0,4.0
FUS-GMI,0.5,0.06666666666666667,0.6,0.06666666666666667
