biomarker,theta_mean,theta_std,phi_mean,phi_std
HIP-FCI,22,2.6666666666666665,28,0.6666666666666666
HIP-GMI,-20,4.0,-6,1.3333333333333333
FUS-FCI,150,16.666666666666668,250,50.0
PCC-FCI,-50,33.333333333333336,-25,16.666666666666668
FUS-GMI,-5,6.666666666666667,5,1.6666666666666667
