iteration,all_current_accepted_likelihoods
1,-417.40127195418546
2,-417.40127195418546
3,-417.40127195418546
4,-417.40127195418546
5,-417.40127195418546
6,-417.40127195418546
