{"HIP-FCI (1)": {"biomarker": "HIP-FCI (1)", "theta_mean": -10.734411768902826, "theta_std": 4.9380683680802555, "phi_mean": 1.7550542499169657, "phi_std": 3.7949556709039665}, "PCC-FCI (2)": {"biomarker": "PCC-FCI (2)", "theta_mean": 3.027177860611791, "theta_std": 2.559358381611352, "phi_mean": 10.495324177320516, "phi_std": 2.4888011710585545}, "HIP-GMI (3)": {"biomarker": "HIP-GMI (3)", "theta_mean": 0.12305372201508351, "theta_std": 0.19271355925231048, "phi_mean": 0.5710354435342219, "phi_std": 0.17363023438561354}, "FUS-GMI (4)": {"biomarker": "FUS-GMI (4)", "theta_mean": 0.5106118749858186, "theta_std": 0.04054439813688542, "phi_mean": 0.6284443934601601, "phi_std": 0.045989033065889105}, "FUS-FCI (5)": {"biomarker": "FUS-FCI (5)", "theta_mean": -23.333198154733154, "theta_std": 3.948436530775333, "phi_mean": -8.928365033228, "phi_std": 2.9763762028249174}}