iteration,all_current_accepted_likelihoods
1,-344.67953751396914
2,-311.97514059846515
3,-311.97514059846515
4,-311.97514059846515
5,-311.37631911260956
6,-311.37631911260956
