{"0": {"HIP-FCI (1)": {"biomarker": "HIP-FCI (1)", "theta_mean": -5.083286311974797, "theta_std": 5.5183557591389905, "phi_mean": 1.9465767659793527, "phi_std": 5.728556159149975}, "PCC-FCI (2)": {"biomarker": "PCC-FCI (2)", "theta_mean": 5.7819435918968685, "theta_std": 2.810040177642351, "phi_mean": 8.840371290750811, "phi_std": 5.24575462459513}, "HIP-GMI (3)": {"biomarker": "HIP-GMI (3)", "theta_mean": 0.26155311743484994, "theta_std": 0.2903302087134751, "phi_mean": 0.4238532102653892, "phi_std": 0.24736960315726644}, "FUS-GMI (4)": {"biomarker": "FUS-GMI (4)", "theta_mean": 0.5778694334941848, "theta_std": 0.08223400298333455, "phi_mean": 0.5864211276221166, "phi_std": 0.08172333752686306}, "FUS-FCI (5)": {"biomarker": "FUS-FCI (5)", "theta_mean": -11.286152418082263, "theta_std": 4.82288948208682, "phi_mean": -8.879960018243247, "phi_std": 2.4943090052883905}}, "1": {"HIP-FCI (1)": {"biomarker": "HIP-FCI (1)", "theta_mean": -5.185412613463357, "theta_std": 5.247297473929383, "phi_mean": 5.141842821767738, "phi_std": 1.8166385581283282}, "PCC-FCI (2)": {"biomarker": "PCC-FCI (2)", "theta_mean": 4.6719272269299195, "theta_std": 3.592405453446382, "phi_mean": 9.423718151877942, "phi_std": 4.994595124968342}, "HIP-GMI (3)": {"biomarker": "HIP-GMI (3)", "theta_mean": 0.3112333319164622, "theta_std": 0.3499167462807143, "phi_mean": 0.41354979867979214, "phi_std": 0.22103153330057818}, "FUS-GMI (4)": {"biomarker": "FUS-GMI (4)", "theta_mean": 0.5463732053608357, "theta_std": 0.09386798482565388, "phi_mean": 0.6077036695152805, "phi_std": 0.0619202244718578}, "FUS-FCI (5)": {"biomarker": "FUS-FCI (5)", "theta_mean": -12.510156803928364, "theta_std": 5.439476473190602, "phi_mean": -9.042870252834637, "phi_std": 2.6205622787583955}}, "2": {"HIP-FCI (1)": {"biomarker": "HIP-FCI (1)", "theta_mean": -5.185412613463357, "theta_std": 5.247297473929383, "phi_mean": 5.141842821767738, "phi_std": 1.8166385581283282}, "PCC-FCI (2)": {"biomarker": "PCC-FCI (2)", "theta_mean": 4.454919111822507, "theta_std": 3.5796573027398964, "phi_mean": 10.364390957507554, "phi_std": 4.608392223584455}, "HIP-GMI (3)": {"biomarker": "HIP-GMI (3)", "theta_mean": 0.32570539971169626, "theta_std": 0.3694996032371398, "phi_mean": 0.40569970819056583, "phi_std": 0.2170882563417894}, "FUS-GMI (4)": {"biomarker": "FUS-GMI (4)", "theta_mean": 0.5350836207332745, "theta_std": 0.09032073479678226, "phi_mean": 0.6152300592669879, "phi_std": 0.056595842937362764}, "FUS-FCI (5)": {"biomarker": "FUS-FCI (5)", "theta_mean": -11.245549184025913, "theta_std": 5.1005744474738135, "phi_mean": -9.792432976696968, "phi_std": 3.6541866444099775}}, "3": {"HIP-FCI (1)": {"biomarker": "HIP-FCI (1)", "theta_mean": -6.871639385409517, "theta_std": 3.116532356555988, "phi_mean": 1.09330769547619, "phi_std": 6.204197819761764}, "PCC-FCI (2)": {"biomarker": "PCC-FCI (2)", "theta_mean": 2.8659517307903077, "theta_std": 3.170564193994922, "phi_mean": 8.960960683070775, "phi_std": 4.960154678324501}, "HIP-GMI (3)": {"biomarker": "HIP-GMI (3)", "theta_mean": 0.34940780426896156, "theta_std": 0.2884260397713352, "phi_mean": 0.42039457170315797, "phi_std": 0.23927158337622842}, "FUS-GMI (4)": {"biomarker": "FUS-GMI (4)", "theta_mean": 0.5390314775046626, "theta_std": 0.09042813015140284, "phi_mean": 0.6151349367268004, "phi_std": 0.05694880882018226}, "FUS-FCI (5)": {"biomarker": "FUS-FCI (5)", "theta_mean": -12.602253693589523, "theta_std": 5.382848894826153, "phi_mean": -9.003400157265567, "phi_std": 2.617233364689128}}, "4": {"HIP-FCI (1)": {"biomarker": "HIP-FCI (1)", "theta_mean": -5.185412613463357, "theta_std": 5.247297473929383, "phi_mean": 5.141842821767738, "phi_std": 1.8166385581283282}, "PCC-FCI (2)": {"biomarker": "PCC-FCI (2)", "theta_mean": 3.5579715410969226, "theta_std": 2.8172371969277266, "phi_mean": 9.273539478063684, "phi_std": 4.953509372271373}, "HIP-GMI (3)": {"biomarker": "HIP-GMI (3)", "theta_mean": 0.36801370189825744, "theta_std": 0.35492573705152575, "phi_mean": 0.3896643250877475, "phi_std": 0.23705236499778778}, "FUS-GMI (4)": {"biomarker": "FUS-GMI (4)", "theta_mean": 0.5347628551894379, "theta_std": 0.09020750953280735, "phi_mean": 0.6154439029628791, "phi_std": 0.05641158742707838}, "FUS-FCI (5)": {"biomarker": "FUS-FCI (5)", "theta_mean": -12.31590891789279, "theta_std": 5.77261065760868, "phi_mean": -9.126119346849883, "phi_std": 2.413925791499767}}, "5": {"HIP-FCI (1)": {"biomarker": "HIP-FCI (1)", "theta_mean": -5.185412613463357, "theta_std": 5.247297473929383, "phi_mean": 5.141842821767738, "phi_std": 1.8166385581283282}, "PCC-FCI (2)": {"biomarker": "PCC-FCI (2)", "theta_mean": 2.6069439903961142, "theta_std": 2.890701340271873, "phi_mean": 9.273325781864552, "phi_std": 4.821241760328989}, "HIP-GMI (3)": {"biomarker": "HIP-GMI (3)", "theta_mean": 0.2934170406686539, "theta_std": 0.35847662332748614, "phi_mean": 0.40498307398256356, "phi_std": 0.2386773962893446}, "FUS-GMI (4)": {"biomarker": "FUS-GMI (4)", "theta_mean": 0.5134224415666259, "theta_std": 0.09553542364246334, "phi_mean": 0.6102961114095102, "phi_std": 0.05631806915696045}, "FUS-FCI (5)": {"biomarker": "FUS-FCI (5)", "theta_mean": -11.754803478946114, "theta_std": 5.300746895257563, "phi_mean": -9.058436929295535, "phi_std": 2.4783584211945424}}}