iteration,all_current_accepted_likelihoods
1,-1807.2616322933336
2,-1807.2616322933336
3,-1807.2616322933336
4,-1807.2616322933336
5,-1807.2616322933336
6,-1556.2693280303233
