{"HIP-FCI (1)": {"biomarker": "HIP-FCI (1)", "theta_mean": -9.356380853446339, "theta_std": 4.127313917853676, "phi_mean": 2.7489339518547853, "phi_std": 4.056831697439862}, "PCC-FCI (2)": {"biomarker": "PCC-FCI (2)", "theta_mean": 4.201231816169568, "theta_std": 2.3454575683692336, "phi_mean": 11.802824642344795, "phi_std": 2.9496147407212394}, "HIP-GMI (3)": {"biomarker": "HIP-GMI (3)", "theta_mean": 0.07137278739261078, "theta_std": 0.1803089273254875, "phi_mean": 0.5414591908435288, "phi_std": 0.15878075587507662}, "FUS-GMI (4)": {"biomarker": "FUS-GMI (4)", "theta_mean": 0.498011104468934, "theta_std": 0.04626101198032569, "phi_mean": 0.6343072524342467, "phi_std": 0.047885014723498764}, "FUS-FCI (5)": {"biomarker": "FUS-FCI (5)", "theta_mean": -20.311174599313468, "theta_std": 4.5423690333407265, "phi_mean": -9.384957420862161, "phi_std": 3.11470500134891}}