iteration,all_current_accepted_likelihoods
1,-351.59719238031806
2,-338.93761556289905
3,-330.99182674012053
4,-329.6094263534487
5,-329.6094263534487
6,-329.6094263534487
