{"0": {"HIP-FCI (1)": {"biomarker": "HIP-FCI (1)", "theta_mean": -5.324223006843515, "theta_std": 5.971102072021559, "phi_mean": -0.2655465597689584, "phi_std": 7.4255669055550175}, "PCC-FCI (2)": {"biomarker": "PCC-FCI (2)", "theta_mean": 5.827155624046488, "theta_std": 4.332783578430202, "phi_mean": 8.406818293698489, "phi_std": 4.311479792697787}, "HIP-GMI (3)": {"biomarker": "HIP-GMI (3)", "theta_mean": 0.334262347199222, "theta_std": 0.37237892131437683, "phi_mean": 0.364459388873963, "phi_std": 0.24949154900092}, "FUS-GMI (4)": {"biomarker": "FUS-GMI (4)", "theta_mean": 0.5554750567976742, "theta_std": 0.0746518756321527, "phi_mean": 0.6042101695302922, "phi_std": 0.053015719865769806}, "FUS-FCI (5)": {"biomarker": "FUS-FCI (5)", "theta_mean": -9.981182915828883, "theta_std": 5.908027549310947, "phi_mean": -10.805283027999291, "phi_std": 5.553289426383007}}, "1": {"HIP-FCI (1)": {"biomarker": "HIP-FCI (1)", "theta_mean": -6.472157502414408, "theta_std": 7.500596267477191, "phi_mean": 1.183214239763754, "phi_std": 4.64732050197263}, "PCC-FCI (2)": {"biomarker": "PCC-FCI (2)", "theta_mean": 5.190008301086941, "theta_std": 3.7828559186863666, "phi_mean": 9.71791789112217, "phi_std": 4.1710708317707885}, "HIP-GMI (3)": {"biomarker": "HIP-GMI (3)", "theta_mean": 0.2662540252799941, "theta_std": 0.2775185658685794, "phi_mean": 0.4158376784883964, "phi_std": 0.28150771994338825}, "FUS-GMI (4)": {"biomarker": "FUS-GMI (4)", "theta_mean": 0.5554750567976742, "theta_std": 0.0746518756321527, "phi_mean": 0.6042101695302922, "phi_std": 0.053015719865769806}, "FUS-FCI (5)": {"biomarker": "FUS-FCI (5)", "theta_mean": -13.95590812986635, "theta_std": 6.753115133395075, "phi_mean": -9.49784985681536, "phi_std": 4.64690063265389}}, "2": {"HIP-FCI (1)": {"biomarker": "HIP-FCI (1)", "theta_mean": -7.593312699941599, "theta_std": 6.488922120663701, "phi_mean": 2.2181267297888527, "phi_std": 4.068781271957061}, "PCC-FCI (2)": {"biomarker": "PCC-FCI (2)", "theta_mean": 5.453190786148649, "theta_std": 3.5615548768225773, "phi_mean": 9.288514889179385, "phi_std": 4.863687026463185}, "HIP-GMI (3)": {"biomarker": "HIP-GMI (3)", "theta_mean": 0.23609883945582746, "theta_std": 0.29074694142864665, "phi_mean": 0.4073922362404103, "phi_std": 0.27315173348755895}, "FUS-GMI (4)": {"biomarker": "FUS-GMI (4)", "theta_mean": 0.5554750567976742, "theta_std": 0.0746518756321527, "phi_mean": 0.6042101695302922, "phi_std": 0.053015719865769806}, "FUS-FCI (5)": {"biomarker": "FUS-FCI (5)", "theta_mean": -18.902661258684546, "theta_std": 8.469581712289393, "phi_mean": -9.086332388594155, "phi_std": 2.9547678626083123}}, "3": {"HIP-FCI (1)": {"biomarker": "HIP-FCI (1)", "theta_mean": -7.3565275499122995, "theta_std": 6.383558892078181, "phi_mean": 2.3737991569487717, "phi_std": 4.19552989553546}, "PCC-FCI (2)": {"biomarker": "PCC-FCI (2)", "theta_mean": 5.357400049660551, "theta_std": 3.7553930808825005, "phi_mean": 9.925676213306954, "phi_std": 4.313292047968688}, "HIP-GMI (3)": {"biomarker": "HIP-GMI (3)", "theta_mean": 0.15799799000570028, "theta_std": 0.24611347654065496, "phi_mean": 0.4580074251562081, "phi_std": 0.2549918806769767}, "FUS-GMI (4)": {"biomarker": "FUS-GMI (4)", "theta_mean": 0.5554750567976742, "theta_std": 0.0746518756321527, "phi_mean": 0.6042101695302922, "phi_std": 0.053015719865769806}, "FUS-FCI (5)": {"biomarker": "FUS-FCI (5)", "theta_mean": -21.83782141833401, "theta_std": 5.228557220535989, "phi_mean": -8.836802336327743, "phi_std": 2.949687416254555}}, "4": {"HIP-FCI (1)": {"biomarker": "HIP-FCI (1)", "theta_mean": -5.18906944857571, "theta_std": 6.466480286046931, "phi_mean": -1.9775155770352983, "phi_std": 7.307251323312555}, "PCC-FCI (2)": {"biomarker": "PCC-FCI (2)", "theta_mean": 5.3186570135391715, "theta_std": 3.688003580985942, "phi_mean": 9.298549342942062, "phi_std": 4.569937646681021}, "HIP-GMI (3)": {"biomarker": "HIP-GMI (3)", "theta_mean": 0.22849794778833513, "theta_std": 0.2577146035636474, "phi_mean": 0.4410083968161691, "phi_std": 0.27781100733969205}, "FUS-GMI (4)": {"biomarker": "FUS-GMI (4)", "theta_mean": 0.5554750567976742, "theta_std": 0.0746518756321527, "phi_mean": 0.6042101695302922, "phi_std": 0.053015719865769806}, "FUS-FCI (5)": {"biomarker": "FUS-FCI (5)", "theta_mean": -12.186243508245747, "theta_std": 7.115347687275691, "phi_mean": -9.245284853558964, "phi_std": 3.1525189323174847}}, "5": {"HIP-FCI (1)": {"biomarker": "HIP-FCI (1)", "theta_mean": -5.485868175475246, "theta_std": 7.031382625714286, "phi_mean": -0.13853964155831355, "phi_std": 6.556845103656849}, "PCC-FCI (2)": {"biomarker": "PCC-FCI (2)", "theta_mean": 5.3313784496540135, "theta_std": 3.816184963009578, "phi_mean": 9.48726133293379, "phi_std": 4.358029913438222}, "HIP-GMI (3)": {"biomarker": "HIP-GMI (3)", "theta_mean": 0.21279977728353142, "theta_std": 0.2277665449838736, "phi_mean": 0.41169483273006496, "phi_std": 0.2915839652750803}, "FUS-GMI (4)": {"biomarker": "FUS-GMI (4)", "theta_mean": 0.4847053797012189, "theta_std": 0.05085128381452323, "phi_mean": 0.5763343843148674, "phi_std": 0.06939290872303404}, "FUS-FCI (5)": {"biomarker": "FUS-FCI (5)", "theta_mean": -10.877286642851397, "theta_std": 6.069806791532695, "phi_mean": -9.959196496839816, "phi_std": 3.801250783629206}}}