iteration,all_current_accepted_likelihoods
1,-4382.758220605498
2,-4382.758220605498
3,-4382.758220605498
4,-4382.758220605498
5,-4382.758220605498
6,-4382.758220605498
