{"FCI(HIP)-1": {"biomarker": "FCI(HIP)-1", "theta_mean": 2.3045751845318785, "theta_std": 3.1767691857667053, "phi_mean": -6.128758863918107, "phi_std": 2.771644542803416}, "GMI(HIP)-3": {"biomarker": "GMI(HIP)-3", "theta_mean": 0.34953097640463027, "theta_std": 0.05294201530615023, "phi_mean": 0.4871050100908618, "phi_std": 0.03618643019865221}, "FCI(Fusi)-5": {"biomarker": "FCI(Fusi)-5", "theta_mean": -18.784815959024442, "theta_std": 4.157283975113382, "phi_mean": -10.083531101242144, "phi_std": 2.9798693906400677}, "FCI(PCC)-2": {"biomarker": "FCI(PCC)-2", "theta_mean": 11.4232868048381, "theta_std": 3.394358435182256, "phi_mean": 1.8621796779655142, "phi_std": 3.4130557766735152}, "GMI(FUS)-4": {"biomarker": "GMI(FUS)-4", "theta_mean": 0.4743689131903852, "theta_std": 0.04350335985803169, "phi_mean": 0.5750913236629334, "phi_std": 0.03393736974004677}}