{"FCI(HIP)-1": {"biomarker": "FCI(HIP)-1", "theta_mean": 3.031067286610762, "theta_std": 2.8608820693179062, "phi_mean": -5.417199193190285, "phi_std": 2.6729209116798502}, "GMI(HIP)-3": {"biomarker": "GMI(HIP)-3", "theta_mean": 0.3407575745700499, "theta_std": 0.05684551524969523, "phi_mean": 0.4823019053492903, "phi_std": 0.0391744952437557}, "FCI(Fusi)-5": {"biomarker": "FCI(Fusi)-5", "theta_mean": -21.58624180392798, "theta_std": 4.2903879013122435, "phi_mean": -10.651351418938669, "phi_std": 3.2473784640284586}, "FCI(PCC)-2": {"biomarker": "FCI(PCC)-2", "theta_mean": 11.943179751761022, "theta_std": 3.6092789016889393, "phi_mean": 1.8850933404436896, "phi_std": 3.3210924255626852}, "GMI(FUS)-4": {"biomarker": "GMI(FUS)-4", "theta_mean": 0.45277988949525727, "theta_std": 0.044760530690279354, "phi_mean": 0.5666612323003795, "phi_std": 0.03910435820029015}}