iteration,all_current_accepted_likelihoods
1,-1652.5010427447983
2,-1652.5010427447983
3,-1652.5010427447983
4,-1652.5010427447983
5,-1541.052357429926
6,-1541.052357429926
