{"HIP-FCI (1)": {"biomarker": "HIP-FCI (1)", "theta_mean": -7.168626660096947, "theta_std": 4.015578979163425, "phi_mean": 4.770831385992892, "phi_std": 2.3053444526423177}, "PCC-FCI (2)": {"biomarker": "PCC-FCI (2)", "theta_mean": 5.3583292853873115, "theta_std": 2.7412689447311696, "phi_mean": 13.330898825685678, "phi_std": 3.249301307948134}, "HIP-GMI (3)": {"biomarker": "HIP-GMI (3)", "theta_mean": 0.5527402692868116, "theta_std": 0.1848205907748211, "phi_mean": 0.14527410415135583, "phi_std": 0.14390261779509161}, "FUS-GMI (4)": {"biomarker": "FUS-GMI (4)", "theta_mean": 0.48973767746871133, "theta_std": 0.048247133087249525, "phi_mean": 0.6209634281183692, "phi_std": 0.04367819923253943}, "FUS-FCI (5)": {"biomarker": "FUS-FCI (5)", "theta_mean": -21.964897808193555, "theta_std": 5.006886106387819, "phi_mean": -9.889226829059847, "phi_std": 3.0836982219885773}}