iteration,all_current_accepted_likelihoods
1,-418.77640229665286
2,-418.77640229665286
3,-414.4166747151757
4,-414.4166747151757
5,-414.4166747151757
6,-414.4166747151757
