{"HIP-FCI (1)": {"biomarker": "HIP-FCI (1)", "theta_mean": -11.266093904184189, "theta_std": 5.3552266950830125, "phi_mean": 0.6460703812807836, "phi_std": 3.8397777271716973}, "PCC-FCI (2)": {"biomarker": "PCC-FCI (2)", "theta_mean": 3.913179452009071, "theta_std": 2.5214716342980794, "phi_mean": 11.469869628047707, "phi_std": 2.7732948958188355}, "HIP-GMI (3)": {"biomarker": "HIP-GMI (3)", "theta_mean": 0.6170656329494827, "theta_std": 0.19839579017105052, "phi_mean": 0.15319690242328526, "phi_std": 0.14883172866163727}, "FUS-GMI (4)": {"biomarker": "FUS-GMI (4)", "theta_mean": 0.508474015118104, "theta_std": 0.044230074659681096, "phi_mean": 0.635067259973028, "phi_std": 0.03943768323232397}, "FUS-FCI (5)": {"biomarker": "FUS-FCI (5)", "theta_mean": -20.06672725357124, "theta_std": 4.28677591819648, "phi_mean": -9.581979518254034, "phi_std": 2.6216351165405767}}